"","darkness","anger","emotional_bonds","age_started","midichlorian","dojo_id","murders"
"1",4.5,14.3,12.7,5,1242,"dojo_1",1
"2",4.6,11.9,15.6,5,1264,"dojo_1",2
"3",2.4,13.9,9.8,5,1168,"dojo_1",0
"4",5.3,12.8,21.2,5,1389,"dojo_1",1
"5",7.9,14.9,16.7,5,1058,"dojo_1",1
"6",4,12.3,11.8,5,1368,"dojo_1",1
"7",5.3,17.8,12.7,5,1427,"dojo_1",1
"8",3.2,16.2,8.5,5,1051,"dojo_1",2
"9",2,5.4,14.9,5,1208,"dojo_1",0
"10",5.3,14.9,17.8,5,1277,"dojo_1",1
"11",3.1,12.9,12,5,1184,"dojo_1",1
"12",1.1,9.8,6.6,5,1298,"dojo_1",0
"13",7.6,18,13.8,5,1380,"dojo_1",2
"14",0.4,10.3,6.9,5,1091,"dojo_1",0
"15",3.9,16.6,8.6,5,1224,"dojo_1",1
"16",4.7,10.9,15,5,1172,"dojo_1",1
"17",2.2,11.7,8.6,5,1225,"dojo_1",0
"18",2.6,8.3,16.5,5,1376,"dojo_1",0
"19",1.2,9.1,8.3,5,1152,"dojo_1",1
"20",3.4,14.1,11.9,5,1236,"dojo_1",1
"21",7.2,16.9,16.3,5,1358,"dojo_1",1
"22",2.6,11.5,11.2,5,1316,"dojo_1",0
"23",2.8,15.4,10.3,5,1447,"dojo_1",2
"24",7.6,15.6,16.2,5,1145,"dojo_1",1
"25",1.9,11.8,14.4,5,1068,"dojo_1",0
"26",1.6,13.1,6.8,5,1178,"dojo_1",0
"27",4.4,10.6,11.2,5,715,"dojo_1",1
"28",2.1,13.6,9,5,1128,"dojo_1",0
"29",3.5,13.1,11.1,5,1108,"dojo_1",0
"30",4.1,13.6,13.2,5,888,"dojo_1",0
"31",5.6,9.7,10.3,5,1585,"dojo_2",1
"32",5.8,16.4,18.2,5,912,"dojo_2",4
"33",3.9,10,8.6,5,1170,"dojo_2",0
"34",5.2,10.5,13.9,5,1486,"dojo_2",1
"35",1.2,9.1,11.3,5,982,"dojo_2",0
"36",5.7,12,18.6,5,1276,"dojo_2",1
"37",6.1,11.8,11.1,5,1215,"dojo_2",1
"38",4.2,10.6,11.7,5,1066,"dojo_2",0
"39",3,17.7,8.9,5,733,"dojo_2",0
"40",2.1,8,13.5,5,1252,"dojo_2",0
"41",4.9,7.9,11.5,5,1071,"dojo_2",0
"42",3.2,12.3,11.6,5,1037,"dojo_2",1
"43",2.1,8.8,11.7,5,1116,"dojo_2",0
"44",5.2,9.8,11,5,1183,"dojo_2",2
"45",5.9,9.8,8.9,5,1462,"dojo_2",2
"46",8,14.8,14.1,3,1077,"dojo_3",2
"47",6,13.7,14.1,3,1185,"dojo_3",1
"48",4.3,13.2,16.7,3,1579,"dojo_3",1
"49",9.1,14.9,15.4,3,1004,"dojo_3",2
"50",6.3,11.1,12.6,3,1253,"dojo_3",2
"51",5.9,11.2,10.4,3,993,"dojo_3",1
"52",5.1,11.7,13.9,3,982,"dojo_3",1
"53",7.4,14.1,11.7,3,819,"dojo_3",3
"54",6.3,10.5,11.5,3,1046,"dojo_3",1
"55",4.1,11.7,9.8,3,1168,"dojo_3",0
"56",7.8,15.5,17.1,3,1180,"dojo_3",1
"57",3.9,11.3,15,3,1183,"dojo_3",0
"58",5.9,6.8,14,3,876,"dojo_3",0
"59",3.4,15.6,10.9,3,1546,"dojo_3",1
"60",3.1,15.4,8.5,3,1258,"dojo_3",1
"61",4.2,13.9,11.1,3,1461,"dojo_3",1
"62",0.4,5.9,1.3,3,1274,"dojo_3",0
"63",2.8,7.1,8.9,3,1431,"dojo_3",0
"64",6,15.4,11.7,3,899,"dojo_3",1
"65",4.4,8.1,8.2,3,1046,"dojo_3",0
"66",4.4,9.5,10.9,3,1008,"dojo_3",0
"67",7.9,11.6,15.8,3,1161,"dojo_3",2
"68",6.5,11,11.7,3,934,"dojo_3",1
"69",4.5,9.4,11.2,3,1162,"dojo_3",0
"70",4,10.7,11.7,3,1327,"dojo_3",1
"71",4.5,11.2,12.7,3,954,"dojo_3",0
"72",2.5,6.4,10,3,1402,"dojo_3",0
"73",3.4,6.7,9.3,3,1068,"dojo_3",0
"74",4.7,9.8,14.1,3,1403,"dojo_3",1
"75",3.9,13.9,13.4,3,1167,"dojo_3",0
"76",4.8,6.8,12.9,4,1219,"dojo_4",0
"77",6.9,13,11.3,4,1490,"dojo_4",1
"78",8.5,14.3,12.9,4,992,"dojo_4",3
"79",0.2,6.5,4.7,4,1135,"dojo_4",0
"80",2.7,8.7,13.7,4,928,"dojo_4",0
"81",6.1,12.6,7.9,4,1033,"dojo_4",1
"82",8.5,17.6,8,4,1009,"dojo_4",2
"83",4.6,13.7,7.8,4,1507,"dojo_4",1
"84",6.4,12,12.7,4,996,"dojo_4",1
"85",5.6,12.5,10.6,4,1063,"dojo_4",1
"86",5.8,12.4,11.5,4,1308,"dojo_4",1
"87",5.6,9.5,7.9,4,1303,"dojo_4",1
"88",5.4,11.4,11.6,4,1111,"dojo_4",1
"89",7,13.6,12.6,4,655,"dojo_4",1
"90",7.9,16.5,13.4,4,1182,"dojo_4",2
"91",6.4,12.8,13.9,4,1178,"dojo_4",1
"92",5.1,10.3,14.4,4,1543,"dojo_4",1
"93",7.4,14.9,8.7,4,1126,"dojo_4",2
"94",2.7,4.8,13.8,4,1073,"dojo_4",1
"95",6.1,10.4,12.2,4,1643,"dojo_4",1
"96",7,15.5,11.5,4,891,"dojo_4",1
"97",9.3,17.7,13.7,4,1288,"dojo_4",2
"98",6.8,12.9,13.6,4,788,"dojo_4",1
"99",5.1,7.6,13.4,4,1304,"dojo_4",1
"100",3.5,6.6,17,4,1487,"dojo_4",0
"101",4.7,10.4,12.6,4,1179,"dojo_4",1
"102",3.4,9.6,15.6,4,1049,"dojo_4",0
"103",6,14.3,11.4,4,1111,"dojo_4",1
"104",9.9,15.9,10.2,4,1536,"dojo_4",2
"105",8,15.1,11.8,4,1190,"dojo_4",3
"106",6.1,15,10,4,1197,"dojo_4",1
"107",7.3,10.2,19.6,4,1187,"dojo_4",2
"108",4.9,9.2,10.7,4,1256,"dojo_4",1
"109",3.1,7.8,8.4,4,902,"dojo_4",0
"110",5.7,11.5,13.4,4,1346,"dojo_4",1
"111",8.1,18.2,10.9,4,1079,"dojo_4",5
"112",8.3,14,12.5,4,1350,"dojo_4",2
"113",5.9,10.9,9.9,4,1384,"dojo_4",1
"114",2.8,10.3,7.6,4,1195,"dojo_4",0
"115",5.6,9.8,6.3,4,1105,"dojo_4",1
"116",3,5.8,13.9,3,825,"dojo_5",0
"117",3.3,9.3,9.9,3,1538,"dojo_5",1
"118",3.5,10.4,10.2,3,1400,"dojo_5",0
"119",9.8,15.6,7.6,3,1391,"dojo_5",2
"120",8.1,19.4,8.5,3,973,"dojo_5",2
"121",5.1,8.7,12,3,1457,"dojo_5",1
"122",5.2,10.3,8.6,3,1507,"dojo_5",1
"123",7.2,12.1,19.9,3,1270,"dojo_5",1
"124",4.7,10.6,11.8,3,901,"dojo_5",1
"125",9.7,18.2,8.5,3,1092,"dojo_5",2
"126",6.6,12.4,14,3,1252,"dojo_5",1
"127",3.9,7.5,7,3,974,"dojo_5",0
"128",6.5,11.8,15.5,3,1397,"dojo_5",1
"129",5.7,8.5,17,3,1094,"dojo_5",1
"130",6,10.2,13.9,3,1169,"dojo_5",1
"131",4.2,6.8,9.6,3,1055,"dojo_5",0
"132",2,6.9,12.4,3,1013,"dojo_5",0
"133",4.4,10.2,15.2,3,1173,"dojo_5",0
"134",8.1,15.2,13.2,3,1225,"dojo_5",2
"135",3.9,10.6,6.7,3,1005,"dojo_5",0
"136",4.4,11.2,9.4,8,1388,"dojo_6",1
"137",3.6,8,18.6,8,1279,"dojo_6",0
"138",6.3,12.6,9.1,8,1220,"dojo_6",2
"139",5.6,9.6,14.6,8,935,"dojo_6",1
"140",2.4,8.5,7.4,8,1202,"dojo_6",0
"141",3.6,10.4,11.6,8,1445,"dojo_6",1
"142",8.4,15.7,13.1,8,1163,"dojo_6",2
"143",5.2,10.1,16.9,8,1134,"dojo_6",1
"144",6.3,11.9,12.1,8,1249,"dojo_6",1
"145",4.8,11.8,12.3,8,865,"dojo_6",1
"146",10.4,18.6,12.5,8,1237,"dojo_6",3
"147",4.8,9.6,13.1,8,1295,"dojo_6",1
"148",6.2,11.2,13.8,8,650,"dojo_6",1
"149",3.9,11.5,4.9,8,1039,"dojo_6",2
"150",7.6,13.4,11.4,8,1078,"dojo_6",1
"151",6.4,13,16.4,8,1202,"dojo_6",1
"152",4.4,10.7,12.5,8,1522,"dojo_6",1
"153",4.7,18.7,11.9,8,1555,"dojo_6",2
"154",4.9,7.6,14.5,8,1121,"dojo_6",1
"155",7.3,12.1,12.2,8,915,"dojo_6",1
"156",3.5,11.1,7.8,8,1178,"dojo_6",1
"157",4.3,11.1,10.3,8,1004,"dojo_6",1
"158",5.9,12.3,13.7,8,1038,"dojo_6",1
"159",6.7,13.9,7.7,8,1079,"dojo_6",1
"160",2.9,7.9,13.2,8,1276,"dojo_6",0
"161",5.7,12.4,16.1,8,1414,"dojo_6",1
"162",6,12.4,9.6,8,1109,"dojo_6",1
"163",4.3,9.8,12.7,8,1283,"dojo_6",1
"164",5.2,11.5,10.5,8,910,"dojo_6",1
"165",3.2,3.6,9,8,1132,"dojo_6",2
"166",1.5,9.1,12.7,8,1538,"dojo_6",2
"167",7.5,12.8,11.7,1,1074,"dojo_7",1
"168",5.1,11,12.1,1,1420,"dojo_7",1
"169",3.4,4.2,13.3,1,1301,"dojo_7",0
"170",9,14.2,14,1,1041,"dojo_7",2
"171",7.1,12,13.6,1,1412,"dojo_7",2
"172",7.4,15.5,16.1,1,1090,"dojo_7",1
"173",2.8,9,12.5,1,1574,"dojo_7",0
"174",6.2,13,14.3,1,1196,"dojo_7",1
"175",2.2,9.7,9.7,1,1237,"dojo_7",1
"176",4.6,14.5,10.4,1,1456,"dojo_7",1
"177",3.3,9,11.8,1,1375,"dojo_7",0
"178",6.2,8.7,16.3,1,1017,"dojo_7",1
"179",5.5,11.3,5.5,1,1098,"dojo_7",1
"180",7.1,16.2,10.5,1,1380,"dojo_7",1
"181",6.2,15.2,10.2,1,1417,"dojo_7",1
"182",6.6,13.5,6.3,1,1346,"dojo_7",1
"183",4.1,5.4,16,1,1621,"dojo_7",0
"184",6.5,14.8,15.1,1,1186,"dojo_7",1
"185",9.5,14.6,15.6,1,880,"dojo_7",2
"186",4.7,8,11.6,1,1258,"dojo_7",0
"187",5.9,12.9,12,1,1456,"dojo_7",2
"188",6,12.4,15,1,1085,"dojo_7",1
"189",3.4,11,10.2,3,1247,"dojo_8",0
"190",4,9.9,7,3,1484,"dojo_8",1
"191",4.6,14.2,7.8,3,765,"dojo_8",0
"192",5.2,5.7,14.2,3,1078,"dojo_8",0
"193",5.2,8.6,11.2,3,1129,"dojo_8",1
"194",4.1,10.8,13.4,3,1430,"dojo_8",1
"195",3.3,13.3,11.8,3,989,"dojo_8",1
"196",4.6,7.9,14.9,3,1289,"dojo_8",1
"197",4.9,13.3,14.7,3,1080,"dojo_8",3
"198",5.2,14.4,9.9,3,1124,"dojo_8",1
"199",6,7.9,3.8,3,1140,"dojo_8",1
"200",4.3,5.6,13.3,3,1122,"dojo_8",1
"201",5.5,11,11.6,3,1349,"dojo_8",1
"202",3.5,10.9,9.8,3,1391,"dojo_8",1
"203",5.1,11.6,8.3,3,1373,"dojo_8",1
"204",4.4,10.1,14.9,3,1419,"dojo_8",1
"205",5,14.7,14.3,3,1101,"dojo_8",2
"206",3.9,9.8,14.8,3,1547,"dojo_8",1
"207",4.3,8.5,13.7,3,1417,"dojo_8",1
"208",4.8,12.2,17.5,3,1160,"dojo_8",1
"209",3.9,13.9,11.2,3,1290,"dojo_8",1
"210",4.6,12,16.1,3,1419,"dojo_8",1
"211",4.3,9.5,7.9,3,1319,"dojo_8",1
"212",5.4,5.2,8,3,1042,"dojo_8",0
"213",5.7,13.2,10.5,3,1212,"dojo_8",1
"214",4.7,10.2,8.4,3,1097,"dojo_8",1
"215",4.5,12.2,14.9,3,1391,"dojo_8",1
"216",5.8,17.2,11.3,3,963,"dojo_8",1
"217",5.8,17,11.6,9,1067,"dojo_9",1
"218",2.9,12.6,9.1,9,1435,"dojo_9",1
"219",4.2,12.4,7.6,9,1285,"dojo_9",2
"220",5.1,13.7,11.8,9,1311,"dojo_9",1
"221",4.7,15.3,11.4,9,1016,"dojo_9",1
"222",1.6,11.5,10.5,9,1346,"dojo_9",1
"223",1.2,9.3,13.3,9,1200,"dojo_9",0
"224",4.3,14.9,6.2,9,1058,"dojo_9",1
"225",4.2,14,8.4,9,999,"dojo_9",1
"226",5.7,14.2,13.8,9,1192,"dojo_9",1
"227",4.2,11.2,9.4,9,1434,"dojo_9",1
"228",5.1,17.1,9,9,1100,"dojo_9",1
"229",3.8,12.2,11.3,9,1236,"dojo_9",1
"230",5.1,12.9,15.6,9,863,"dojo_9",1
"231",2.7,9.7,9.7,9,1270,"dojo_9",0
"232",3.9,10.9,9,9,1321,"dojo_9",1
"233",2.6,11.7,8.4,9,893,"dojo_9",0
"234",4,13.1,9.7,9,1300,"dojo_9",2
"235",2.7,12.7,9.1,9,1141,"dojo_9",1
"236",5.6,12.8,17.4,9,1072,"dojo_9",1
"237",3.2,15.1,10.6,9,1196,"dojo_9",1
"238",6.7,16.6,11,9,1225,"dojo_9",1
"239",3.9,11.2,7.9,9,1386,"dojo_9",1
"240",4.2,13.4,9.9,9,1206,"dojo_9",1
"241",4.8,16.7,7.2,9,953,"dojo_9",1
"242",6.2,13.6,8.6,6,1470,"dojo_10",1
"243",7.2,6.7,5.7,6,1750,"dojo_10",2
"244",7.3,15.6,10.8,6,822,"dojo_10",1
"245",7.7,15.9,12.1,6,1062,"dojo_10",2
"246",7.9,13.4,5.4,6,1272,"dojo_10",3
"247",6.5,10.7,17.5,6,1116,"dojo_10",1
"248",2.6,8.4,10.9,6,1004,"dojo_10",0
"249",3.4,6.9,16.8,6,927,"dojo_10",2
"250",4.7,12.9,17.4,6,1104,"dojo_10",1
"251",4.9,13.6,11.9,6,1111,"dojo_10",1
"252",5.7,11.4,14.8,6,1114,"dojo_10",1
"253",6,15.3,9.8,6,1046,"dojo_10",1
"254",4.9,10,9.1,6,1293,"dojo_10",2
"255",4.1,8.4,11.2,6,1384,"dojo_10",1
"256",6.1,13.3,12.8,1,1328,"dojo_11",1
"257",3.4,4.5,8,1,1618,"dojo_11",1
"258",3.6,8.6,14.1,1,1071,"dojo_11",0
"259",3.9,8.3,15.8,1,943,"dojo_11",0
"260",6.7,14.3,11,1,1699,"dojo_11",1
"261",2,8.4,12.5,1,1332,"dojo_11",0
"262",1.6,10.3,11.2,1,1010,"dojo_11",0
"263",5.1,9.6,9.6,1,1233,"dojo_11",2
"264",1,6,17.3,1,1015,"dojo_11",0
"265",3.7,11.5,13.5,1,922,"dojo_11",0
"266",1.7,12.2,13.4,1,1138,"dojo_11",0
"267",1.3,6.6,11.7,1,1067,"dojo_11",0
"268",8.1,18.3,11.2,1,1402,"dojo_11",2
"269",4,11.8,10.8,1,1202,"dojo_11",0
"270",4.3,12.8,12.4,1,937,"dojo_11",0
"271",3.5,15,11.8,1,1062,"dojo_11",0
"272",2.9,6.6,13.4,1,1277,"dojo_11",0
"273",5.3,11.4,12.3,1,1006,"dojo_11",1
"274",4.1,13.8,11.6,1,1058,"dojo_11",0
"275",3.6,12.8,12.2,1,1102,"dojo_11",0
"276",6.9,15,14.5,1,1169,"dojo_11",1
"277",6.1,18.7,16.6,1,932,"dojo_11",1
"278",3.8,8.3,12.6,1,1445,"dojo_11",0
"279",4,13.1,10,1,971,"dojo_11",1
"280",5.9,12.5,13.5,1,1561,"dojo_11",3
"281",4.7,12.4,11.9,1,844,"dojo_11",0
"282",1.5,7.4,8,1,882,"dojo_11",0
"283",3.7,14.4,5.3,1,1461,"dojo_11",1
"284",5.1,14.2,15.6,1,1233,"dojo_11",1
"285",5.7,8.1,12.3,4,1144,"dojo_12",1
"286",4,8.4,11.6,4,1333,"dojo_12",0
"287",6.7,14.6,12,4,1185,"dojo_12",1
"288",6,10.5,13.2,4,1117,"dojo_12",1
"289",6.5,8.3,12.4,4,1492,"dojo_12",1
"290",9.3,14.5,13.5,4,1029,"dojo_12",2
"291",5.1,9.5,12.4,4,655,"dojo_12",0
"292",8.7,11.8,13.9,4,1236,"dojo_12",2
"293",3.7,9.3,12,4,1116,"dojo_12",0
"294",6.8,11.1,16.5,4,1432,"dojo_12",1
"295",5.6,9,13.7,4,1078,"dojo_12",1
"296",9.8,21.2,13.3,4,1295,"dojo_12",2
"297",5,10.3,11,4,1482,"dojo_12",1
"298",6.2,12.5,11.7,4,1188,"dojo_12",2
"299",6.3,13.4,13.5,4,1370,"dojo_12",1
"300",2.6,2.5,5.7,4,998,"dojo_12",0
"301",1.3,5.2,9,4,1179,"dojo_13",0
"302",3.9,14,16.2,4,1454,"dojo_13",2
"303",6.5,15.5,7.6,4,1471,"dojo_13",2
"304",6.9,14,14.9,4,1327,"dojo_13",1
"305",3.5,9.5,10.1,4,571,"dojo_13",0
"306",6.1,12.6,16.3,4,1348,"dojo_13",1
"307",4.4,13.3,13.4,4,1997,"dojo_13",1
"308",2.8,5.9,12.8,4,1237,"dojo_13",0
"309",4.3,12.4,10.3,4,981,"dojo_13",0
"310",4.6,12.2,14,4,1105,"dojo_13",1
"311",2.1,4.8,7.9,4,1158,"dojo_13",0
"312",6.3,12.6,11.3,4,850,"dojo_13",1
"313",5.8,13.2,10.8,4,1147,"dojo_13",2
"314",4.4,11.1,10.4,4,901,"dojo_13",0
"315",3,6.5,14.5,4,1456,"dojo_13",0
"316",5.5,12,11.5,4,1227,"dojo_13",2
"317",4.8,15.5,13.1,4,1377,"dojo_13",1
"318",6,14.3,8.8,4,1532,"dojo_13",1
"319",0.8,7.8,13.1,4,1171,"dojo_13",1
"320",3.6,8.8,18.2,4,836,"dojo_13",0
"321",2.7,6.3,12.3,4,1318,"dojo_13",0
"322",5.9,18.5,8.7,4,1352,"dojo_13",2
"323",6.4,17.1,14,4,1209,"dojo_13",1
"324",5.3,13.8,13.7,4,1024,"dojo_13",1
"325",5.7,16.9,9.7,4,1121,"dojo_13",1
"326",7.1,14.5,11.8,4,838,"dojo_13",1
"327",7.5,10.8,13.5,7,1498,"dojo_14",2
"328",4.7,10.7,15.3,7,1250,"dojo_14",1
"329",6.6,14.9,11.8,7,1425,"dojo_14",2
"330",2.4,14.9,8.9,7,760,"dojo_14",0
"331",2.6,10,9.3,7,1278,"dojo_14",1
"332",7.1,15.2,15.6,7,1184,"dojo_14",1
"333",5.2,9.3,11.3,7,1424,"dojo_14",1
"334",6.6,13.7,13.6,7,1464,"dojo_14",1
"335",5.8,16.3,13.3,7,806,"dojo_14",1
"336",1.1,6.3,11.7,7,1120,"dojo_14",0
"337",4.7,15.9,8.1,1,918,"dojo_15",1
"338",7.8,8.9,11.5,1,1415,"dojo_15",1
"339",5.6,13.7,12.6,1,1165,"dojo_15",1
"340",4.5,12.2,11.2,1,1147,"dojo_15",1
"341",5.7,10.8,12.5,1,1235,"dojo_15",1
"342",4.6,6.6,13.4,1,928,"dojo_15",0
"343",7.8,12.1,15.2,1,1669,"dojo_15",2
"344",9.5,14.1,18.7,1,857,"dojo_15",2
"345",6.5,14.4,14.4,1,1189,"dojo_15",1
"346",8.9,9.4,17,1,1513,"dojo_15",2
"347",7.4,13,8.1,1,1265,"dojo_15",1
"348",4.5,8.9,14.5,1,1104,"dojo_15",0
"349",7.9,8.7,16.6,1,1424,"dojo_15",1
"350",7.8,7.8,11.7,1,1425,"dojo_15",1
"351",4.8,8.9,10.7,1,1224,"dojo_15",0
"352",7.3,12.2,14.2,1,1022,"dojo_15",2
"353",6.9,11.1,12.3,1,1187,"dojo_15",2
"354",6.8,11.7,10.2,1,1457,"dojo_15",1
"355",8,16.7,12.1,1,1314,"dojo_15",2
"356",6.2,11.6,13.3,1,1089,"dojo_15",1
"357",4.1,11.3,4.6,1,886,"dojo_15",0
"358",1.8,10.6,14.1,7,1205,"dojo_16",0
"359",0.4,11.2,9.5,7,1174,"dojo_16",0
"360",0.4,11,10,7,1260,"dojo_16",0
"361",5.5,16.5,9.5,7,1391,"dojo_16",1
"362",5.5,17.6,12,7,1187,"dojo_16",1
"363",3,12.3,11.3,7,1318,"dojo_16",1
"364",3.5,10.5,10.4,7,1486,"dojo_16",1
"365",4.3,14.9,14.2,7,1384,"dojo_16",1
"366",4.1,11.7,12.4,7,1199,"dojo_16",1
"367",3.1,13.5,12.5,7,1128,"dojo_16",0
"368",0.9,9.5,12.7,7,1022,"dojo_16",0
"369",5.7,17.3,8.1,7,1177,"dojo_16",1
"370",4,14.3,11.3,7,1170,"dojo_16",1
"371",1.7,10.2,13.9,7,1122,"dojo_16",0
"372",4.3,13.6,12.6,7,1329,"dojo_16",1
"373",4.6,13.6,16.8,7,1070,"dojo_16",1
"374",1.4,7.7,10.3,7,1200,"dojo_16",1
"375",5.6,17.6,12.7,7,1149,"dojo_16",1
"376",4.6,16.2,13.1,7,1227,"dojo_16",1
"377",1.6,11.9,8.7,7,1409,"dojo_16",1
"378",5.8,12.3,19.4,7,1644,"dojo_16",1
"379",6.1,9.1,14.2,-1,1415,"dojo_17",1
"380",7.7,13.3,11.9,-1,1387,"dojo_17",1
"381",5.5,8.8,14.4,-1,1363,"dojo_17",1
"382",8.5,12.8,19.4,-1,1540,"dojo_17",2
"383",8,18.1,15.4,-1,1218,"dojo_17",2
"384",5.6,8.5,13.6,-1,1424,"dojo_17",1
"385",5.7,17.7,17.2,-1,955,"dojo_17",1
"386",5.2,13.9,11.9,-1,1255,"dojo_17",1
"387",3.1,14.7,6.1,-1,1340,"dojo_17",2
"388",5.4,13.6,6.2,-1,1501,"dojo_17",1
"389",5.1,14.7,13.3,-1,679,"dojo_17",0
"390",5.1,11.8,12.1,-1,1085,"dojo_17",2
"391",6.8,15.3,17.6,-1,1078,"dojo_17",1
"392",5.9,15.7,9.3,-1,959,"dojo_17",1
"393",7.4,15.3,16,-1,1349,"dojo_17",1
"394",2.3,13.9,9.2,-1,1012,"dojo_17",0
"395",4.4,12.4,12.8,-1,1102,"dojo_17",1
"396",7.3,12.7,12.6,-1,1342,"dojo_17",1
"397",7.2,10.1,16.7,-1,1368,"dojo_17",1
"398",6,14.7,13.9,-1,1141,"dojo_17",2
"399",7.6,16.3,8.2,-1,1359,"dojo_17",2
"400",3.6,9,9.4,-1,1180,"dojo_17",1
"401",3.5,11.5,13,-1,1055,"dojo_17",0
"402",5.5,14,9.3,-1,1176,"dojo_17",1
"403",4.7,13.4,11.2,-1,1039,"dojo_17",0
"404",4.6,8.9,11.7,-1,1328,"dojo_17",0
"405",7.2,19.1,15.6,-1,1186,"dojo_17",1
"406",7.4,16,10.8,-1,1542,"dojo_17",2
"407",6.6,9.7,13.6,-1,1354,"dojo_17",1
"408",4.8,10.8,15.7,-1,1135,"dojo_17",0
"409",5.4,13.9,12.2,-1,1196,"dojo_17",1
"410",1.1,9.2,10.4,-1,967,"dojo_17",1
"411",6,14.6,15.2,-1,1075,"dojo_17",1
"412",3.9,9.3,14,3,1221,"dojo_18",0
"413",4.1,11.7,11.2,3,1428,"dojo_18",2
"414",5.4,7.6,7.1,3,801,"dojo_18",0
"415",7.3,14.1,12.6,3,1378,"dojo_18",1
"416",4.3,6.8,12.8,3,1294,"dojo_18",0
"417",8.7,15.9,13.4,3,971,"dojo_18",2
"418",5.7,8.1,14.4,3,1377,"dojo_18",1
"419",6.7,11.2,10.5,3,1065,"dojo_18",1
"420",3.4,11.1,5,3,1244,"dojo_18",0
"421",6.5,15,13.6,3,1106,"dojo_18",2
"422",7.6,12,16.5,3,1123,"dojo_18",1
"423",5.1,13.8,9.7,3,995,"dojo_18",1
"424",8.3,9.2,17.4,3,1132,"dojo_18",2
"425",8,18.7,11.7,3,1226,"dojo_18",3
"426",3.8,8.2,7.4,3,1374,"dojo_18",0
"427",5.6,14.2,10.3,3,1240,"dojo_18",1
"428",5.5,13.5,6,3,1391,"dojo_18",1
"429",6.4,12.9,13.5,3,1241,"dojo_18",1
"430",6.1,11.5,15.4,3,1293,"dojo_18",1
"431",4.3,12.7,8.5,3,1319,"dojo_18",1
"432",3.2,11.7,6.8,7,888,"dojo_19",0
"433",3.9,13.7,5.2,7,1134,"dojo_19",2
"434",3.9,11.7,13.2,7,787,"dojo_19",1
"435",6.1,14.5,16.1,7,989,"dojo_19",2
"436",0.9,10.1,9.8,7,912,"dojo_19",0
"437",2.5,7.5,15.1,7,1438,"dojo_19",0
"438",7.8,16.8,11.5,7,1537,"dojo_19",2
"439",2.5,10.9,14.2,7,1306,"dojo_19",0
"440",2.6,10.1,9.6,7,1048,"dojo_19",0
"441",1.8,9.7,9.5,7,1166,"dojo_19",0
"442",1.7,9.9,10.5,7,1309,"dojo_19",0
"443",2.9,10.2,16.1,7,810,"dojo_19",0
"444",4.2,12,7.6,7,899,"dojo_19",2
"445",5.7,12.9,16.6,7,1367,"dojo_19",1
"446",5.6,14.3,18.7,7,565,"dojo_19",1
"447",3.8,11.9,8.7,7,1045,"dojo_19",1
"448",2.7,10.3,15.6,7,915,"dojo_19",0
"449",5.3,14.8,13.5,7,1151,"dojo_19",1
"450",1.3,9.7,10.9,7,1068,"dojo_19",0
"451",4.3,15.4,14.5,7,1201,"dojo_19",1
"452",4.3,10.3,16.3,7,1056,"dojo_19",0
"453",2.2,12.6,12,7,1467,"dojo_19",1
"454",3.7,10.3,6.1,7,960,"dojo_19",0
"455",3.7,8.6,8.9,9,1467,"dojo_20",1
"456",4.4,14.3,10.4,9,1161,"dojo_20",1
"457",4.1,13.1,12.8,9,1384,"dojo_20",1
"458",3.7,8.9,18.8,9,1298,"dojo_20",0
"459",3.4,8.5,18.4,9,1030,"dojo_20",0
"460",2.2,10.1,8.5,9,1336,"dojo_20",0
"461",0.1,6.3,7.2,9,1347,"dojo_20",1
"462",3.3,10.9,12.6,9,1215,"dojo_20",0
"463",5.8,14.5,14.7,9,1272,"dojo_20",1
"464",2.9,9.6,8.4,9,939,"dojo_20",0
"465",8.5,15,19.2,9,1292,"dojo_20",2
"466",2.2,10.4,12.1,9,833,"dojo_20",0
"467",3.2,6.4,12,9,1473,"dojo_20",1
"468",4.5,11.5,11.4,9,1342,"dojo_20",1
"469",5.7,12.4,12.9,9,1464,"dojo_20",1
"470",7.7,15.3,14.4,9,1256,"dojo_20",2
"471",4.9,12.5,12.5,9,971,"dojo_20",2
"472",6.7,14.1,11.3,9,1347,"dojo_20",2
"473",1.2,8.6,8.8,9,994,"dojo_20",2
"474",0.5,10.2,18.5,-2,934,"dojo_21",1
"475",1.8,11.7,15.9,-2,1194,"dojo_21",0
"476",6.5,15.3,12,-2,1409,"dojo_21",2
"477",5.8,11,12.4,-2,1649,"dojo_21",1
"478",4.6,10.7,10.7,-2,1540,"dojo_21",1
"479",2.5,10.3,13.6,-2,1409,"dojo_21",0
"480",3.3,9.7,16,-2,1438,"dojo_21",0
"481",3.4,13.6,15.1,-2,1080,"dojo_21",1
"482",5.2,11.1,7.5,-2,1102,"dojo_21",1
"483",5,10.7,12.6,-2,1207,"dojo_21",1
"484",6.9,15.6,10.4,-2,1224,"dojo_21",1
"485",2.5,13.2,16.4,-2,1218,"dojo_21",0
"486",8.5,15.3,7.2,3,1171,"dojo_22",3
"487",7.5,14.7,13.2,3,1158,"dojo_22",2
"488",6,11.4,14.9,3,967,"dojo_22",1
"489",2.8,7,6.3,3,1196,"dojo_22",0
"490",6.4,12.5,12.6,3,1221,"dojo_22",2
"491",5.7,11.5,12.7,3,1282,"dojo_22",1
"492",7.2,15,11.2,3,1608,"dojo_22",2
"493",8.5,17.1,15.2,3,1030,"dojo_22",2
"494",8,19.2,8.4,3,1116,"dojo_22",2
"495",5.6,11.2,14.3,3,1148,"dojo_22",1
"496",8.4,14.6,11.6,3,1194,"dojo_22",2
"497",5,13.4,12.1,3,1177,"dojo_22",1
"498",5.1,11.1,7.5,3,1222,"dojo_22",2
"499",6.4,10,18.4,3,1284,"dojo_22",1
"500",5.3,11.3,12.4,3,1037,"dojo_22",1
"501",5.2,9.6,8.9,3,1270,"dojo_22",1
"502",6,11,9.8,3,1275,"dojo_22",1
"503",4.9,12,6.8,3,866,"dojo_22",1
"504",6.1,16.6,11.7,3,678,"dojo_22",2
"505",6.7,13.8,15.2,3,1148,"dojo_22",1
"506",5.1,10.3,18.2,3,1142,"dojo_22",0
"507",5.4,10,13,3,662,"dojo_22",0
"508",5.4,12.6,6.8,3,998,"dojo_22",2
"509",6.3,12.2,14.8,3,1154,"dojo_22",1
"510",5.9,13.9,15,3,1076,"dojo_22",1
"511",4.7,8.7,12.9,3,1081,"dojo_22",0
"512",9.3,15.6,12.5,3,1187,"dojo_22",2
"513",2.6,8,17,3,1070,"dojo_22",0
"514",3.8,7.6,10.5,3,1250,"dojo_22",0
"515",4.6,10.1,6.9,3,1170,"dojo_22",1
"516",8.2,15.3,15.2,3,1402,"dojo_22",2
"517",6.1,15.1,12.4,3,1179,"dojo_22",1
"518",5,13,12.1,3,1109,"dojo_22",1
"519",4.7,10.5,12.3,3,719,"dojo_22",0
"520",4.3,11.6,7.1,4,1065,"dojo_23",1
"521",4.5,11,8,4,1390,"dojo_23",1
"522",7.5,14.7,13.7,4,1213,"dojo_23",1
"523",5.6,11.6,15.5,4,1069,"dojo_23",1
"524",3.2,12,12.7,4,1390,"dojo_23",0
"525",6.1,14,14.4,4,1439,"dojo_23",1
"526",4.9,10.2,11.8,4,1120,"dojo_23",1
"527",6.2,9.9,14,4,939,"dojo_23",1
"528",5.7,14.3,15.4,4,1062,"dojo_23",2
"529",2.3,7.6,14.2,4,1200,"dojo_23",1
"530",2.8,8.8,9.5,4,1431,"dojo_23",0
"531",7.4,19.2,5.2,4,1002,"dojo_23",2
"532",5.1,9.9,17.6,4,994,"dojo_23",0
"533",5.7,11.3,9.4,4,1639,"dojo_23",1
"534",9.4,19.8,12.3,4,1267,"dojo_23",2
"535",7.8,15.6,16.9,4,918,"dojo_23",2
"536",0.9,5.1,12.4,4,1163,"dojo_23",0
"537",5.2,13.5,12,4,959,"dojo_23",1
"538",5.8,11.3,16.6,4,1217,"dojo_23",1
"539",6.2,11.4,11.9,4,791,"dojo_23",1
"540",7.5,17.6,14.9,4,1487,"dojo_23",2
"541",5.3,12.5,13,4,1166,"dojo_23",1
"542",7.1,14.3,14.6,4,997,"dojo_23",1
"543",1.5,8,11.8,4,1345,"dojo_23",0
"544",1.9,6.1,10.4,4,1266,"dojo_23",0
"545",5.2,13,8.8,4,1390,"dojo_23",1
"546",4.7,12.1,7.1,4,1104,"dojo_23",1
"547",5.2,8.6,13.4,4,954,"dojo_23",0
"548",5.7,14.9,11,4,978,"dojo_23",1
"549",6.3,12.1,14.3,4,913,"dojo_23",1
"550",2.2,9.9,11.9,4,1405,"dojo_23",0
"551",5,14.4,6.8,4,1393,"dojo_23",2
"552",3,11.3,9.7,4,1425,"dojo_23",1
"553",8.7,15.5,15,4,1202,"dojo_23",2
"554",6,14.1,13.1,4,1166,"dojo_23",1
"555",5.2,12.1,8.9,2,1007,"dojo_24",1
"556",5.4,14.1,15.1,2,990,"dojo_24",1
"557",6.2,16.3,15,2,1152,"dojo_24",2
"558",8.1,12.4,9.5,2,1368,"dojo_24",2
"559",5.9,11.8,11.2,2,1110,"dojo_24",1
"560",7.1,8.9,10,2,1240,"dojo_24",1
"561",4.8,12,9.1,2,1014,"dojo_24",1
"562",4.9,12.7,14.5,2,1050,"dojo_24",1
"563",6.5,15,12.3,2,1036,"dojo_24",1
"564",11.3,17.7,14.2,2,1568,"dojo_24",3
"565",3.7,5,16.8,2,1364,"dojo_24",0
"566",5.5,10.5,11.5,2,1311,"dojo_24",1
"567",3.4,9.5,10.5,2,1107,"dojo_24",0
"568",7.5,11.2,11.1,2,1240,"dojo_24",1
"569",6.1,16.7,14.6,2,1224,"dojo_24",1
"570",5.1,7.8,8.7,2,1422,"dojo_24",1
"571",8.1,13,16.4,2,1340,"dojo_24",1
"572",2.6,15.7,10.4,5,1313,"dojo_25",2
"573",5.6,11.6,11.6,5,1436,"dojo_25",1
"574",5.6,14.6,8.6,5,1217,"dojo_25",2
"575",7.2,11.9,14.8,5,1585,"dojo_25",2
"576",7,10.2,16,5,1121,"dojo_25",1
"577",0.9,7.1,11.5,5,1472,"dojo_25",0
"578",4.9,16,12.6,5,1264,"dojo_25",1
"579",3.1,12.2,10.1,5,1079,"dojo_25",0
"580",1.4,11.3,7.9,5,1152,"dojo_25",0
"581",0.7,12,7.6,5,1080,"dojo_25",0
"582",5.2,14.1,12.4,5,864,"dojo_25",1
"583",5.6,13.7,12.2,5,1395,"dojo_25",1
"584",2.5,11,7.7,5,1393,"dojo_25",0
"585",0.7,7.8,8.8,5,1036,"dojo_25",0
"586",0,8.8,10.2,5,1304,"dojo_25",1
"587",6.3,16.2,11.4,5,986,"dojo_25",1
"588",1.1,10,12.3,5,1082,"dojo_25",0
"589",2.1,7.3,10.6,5,1145,"dojo_25",0
"590",3.5,7.9,17,5,1576,"dojo_25",0
"591",4.5,5.9,12.3,5,900,"dojo_25",1
"592",4.2,11.4,8.2,5,1162,"dojo_25",1
"593",4.9,7.8,15.3,5,1391,"dojo_25",1
"594",7.3,6.7,21.4,5,1303,"dojo_25",2
"595",0,12.4,4.3,5,1205,"dojo_25",0
"596",1.2,10.7,9.8,5,890,"dojo_25",1
"597",7.2,13.8,16.7,5,1339,"dojo_25",1
"598",10.9,12.3,18.2,5,930,"dojo_25",3
"599",8.2,15.9,16.9,5,1260,"dojo_25",2
"600",4.2,13.3,10.7,5,1228,"dojo_25",1
"601",4,8.4,11.3,2,1187,"dojo_26",0
"602",5.7,14.8,9,2,1276,"dojo_26",1
"603",5.5,12.2,8.3,2,1327,"dojo_26",1
"604",1.1,5.7,12.6,2,1047,"dojo_26",0
"605",6.8,13.8,14.2,2,1387,"dojo_26",1
"606",3.7,11.3,8.8,2,1235,"dojo_26",0
"607",5.8,10.6,6,2,1387,"dojo_26",1
"608",4.2,11.4,11.8,2,1195,"dojo_26",1
"609",5.3,11.2,9.1,2,1287,"dojo_26",2
"610",4.9,10.5,12.7,2,1230,"dojo_26",1
"611",3.3,12,8.1,2,1279,"dojo_26",0
"612",5.5,13.1,10.4,2,1012,"dojo_26",1
"613",4.9,7.6,16.6,2,1678,"dojo_26",1
"614",6.3,10.1,12.8,2,1400,"dojo_26",1
"615",5.7,10.2,18.9,2,1155,"dojo_26",1
"616",8.8,14.7,15.5,2,1435,"dojo_26",2
"617",6.7,14.9,14.8,2,1317,"dojo_26",2
"618",5.6,10.8,14.6,2,1107,"dojo_26",1
"619",6.2,16.7,11.5,2,1381,"dojo_26",1
"620",3.8,13.9,13.2,2,1141,"dojo_26",0
"621",5.2,16.8,11.8,2,1179,"dojo_26",1
"622",4.7,14.1,7.6,2,1006,"dojo_26",1
"623",4.7,13.4,12.2,2,1150,"dojo_26",1
"624",3.1,8,9.3,2,1218,"dojo_26",0
"625",4.8,15,9,2,821,"dojo_26",1
"626",6.4,13.3,11.6,2,1585,"dojo_26",1
"627",5.8,12.8,13.6,2,1391,"dojo_26",1
"628",3.5,14.8,11.8,2,1247,"dojo_26",1
"629",7,11.2,10.8,2,1676,"dojo_26",1
"630",3.2,14.6,14,2,783,"dojo_26",0
"631",3.6,10.1,12.8,9,1457,"dojo_27",1
"632",6.7,11.3,9.2,9,868,"dojo_27",1
"633",5.2,8.8,7.5,9,946,"dojo_27",1
"634",2.8,3.7,9.4,9,1080,"dojo_27",0
"635",6.2,14.2,10.2,9,943,"dojo_27",1
"636",7.2,10.6,12.8,9,1093,"dojo_27",1
"637",2,6.6,12.5,9,1204,"dojo_27",1
"638",3.9,14.5,14.7,9,1495,"dojo_27",1
"639",3.5,8.8,13.6,9,1344,"dojo_27",1
"640",7.9,14.7,17.9,9,1131,"dojo_27",2
"641",0,10.8,9.1,9,1509,"dojo_27",0
"642",6.9,15.4,9.2,9,1283,"dojo_27",3
"643",3.6,7.8,9.7,9,1088,"dojo_27",0
"644",4,11.1,8,9,1246,"dojo_27",1
"645",0.8,6.2,8.3,9,1345,"dojo_27",0
"646",2.8,8,13.2,9,1319,"dojo_27",0
"647",4.7,15.8,8.4,9,1100,"dojo_27",1
"648",3.8,7.9,11.4,9,1231,"dojo_27",0
"649",0,5.9,14.2,9,1426,"dojo_27",0
"650",1.4,10.2,8.5,9,1421,"dojo_27",0
"651",5.3,8.2,15.7,9,955,"dojo_27",2
"652",9.8,16.5,15.5,9,1003,"dojo_27",2
"653",8.3,14.8,9.7,9,961,"dojo_27",2
"654",5,11.9,14.1,9,1173,"dojo_27",1
"655",5.1,15.9,13.9,9,1335,"dojo_27",1
"656",4.6,8.6,12.9,9,1262,"dojo_27",1
"657",7.4,12,11.2,9,905,"dojo_27",1
"658",5.1,10.8,10.3,9,1030,"dojo_27",1
"659",4.3,11,12.6,9,1299,"dojo_27",1
"660",2.2,12.3,12.3,9,1274,"dojo_27",0
"661",3.9,11.1,12.9,9,1414,"dojo_27",1
"662",6.1,15.8,9.4,9,1178,"dojo_27",1
"663",3.5,12.5,14.3,9,1415,"dojo_27",1
"664",3.6,10.1,10.2,9,1103,"dojo_27",1
"665",2,5.5,7.8,6,1205,"dojo_28",0
"666",4.6,7.9,11.9,6,1022,"dojo_28",1
"667",6.4,11,13.9,6,948,"dojo_28",2
"668",3.6,10.9,17.2,6,1187,"dojo_28",0
"669",6,18.5,11.4,6,1649,"dojo_28",3
"670",6.2,13.1,9.9,6,1189,"dojo_28",2
"671",6.5,14.2,14.1,6,1281,"dojo_28",1
"672",6.4,15.1,14.2,6,945,"dojo_28",1
"673",3.3,7,9.4,6,1388,"dojo_28",0
"674",6.5,15,11.9,6,1087,"dojo_28",1
"675",5.4,11.6,14.5,6,1347,"dojo_28",1
"676",4.5,11.5,15.9,6,1168,"dojo_28",1
"677",5.1,7.8,8.1,6,1349,"dojo_28",2
"678",9.8,19.1,16.1,6,1013,"dojo_28",2
"679",5.2,10.2,14.1,6,1105,"dojo_28",2
"680",2.8,8.5,14.9,6,883,"dojo_28",0
"681",3.9,11.3,13.4,6,1137,"dojo_28",0
"682",5.1,12.2,17.2,6,1348,"dojo_28",2
"683",5.3,10.9,12.2,6,1239,"dojo_28",1
"684",6.3,13.3,13.5,6,957,"dojo_28",1
"685",5.8,14.4,10.4,6,1169,"dojo_28",1
"686",5.4,15.3,11.2,6,1274,"dojo_28",1
"687",5.8,12.4,9.1,6,1288,"dojo_28",1
"688",8.8,17.2,10.5,6,1429,"dojo_28",2
"689",6.2,11.8,9.9,6,1214,"dojo_28",1
"690",4.9,12.4,9.6,6,1088,"dojo_28",1
"691",7,17.8,5.6,6,1187,"dojo_28",2
"692",4.6,10.8,11.9,6,1299,"dojo_28",1
"693",4,8.8,14.9,6,1036,"dojo_28",0
"694",5.3,12.7,12.4,6,1112,"dojo_28",1
"695",7.1,14.7,11.8,6,1145,"dojo_28",3
"696",7.7,18.6,8.6,8,1056,"dojo_29",3
"697",4,12.2,9.3,8,1300,"dojo_29",1
"698",7,13.4,14.8,8,1192,"dojo_29",1
"699",8.1,15.4,17.6,8,1163,"dojo_29",3
"700",6.4,15.4,10.4,8,1259,"dojo_29",1
"701",5.3,14.4,13.6,8,1052,"dojo_29",1
"702",4,11,10.9,8,1440,"dojo_29",1
"703",5.5,8.3,13.6,8,1466,"dojo_29",1
"704",8.2,12.5,18.4,8,1273,"dojo_29",2
"705",5.2,9.7,12.2,8,1562,"dojo_29",2
"706",4.9,14.2,7.8,8,968,"dojo_29",1
"707",6.6,16.2,13.3,8,1075,"dojo_29",1
"708",6.4,15.9,11.3,8,1401,"dojo_29",1
"709",1.8,11,10.5,8,1031,"dojo_29",0
"710",7.7,14.4,16.3,8,1276,"dojo_29",2
"711",4.4,12.4,6.7,8,1187,"dojo_29",1
"712",7.8,13.4,13.3,8,1413,"dojo_29",3
"713",3.8,10.3,15.2,8,1418,"dojo_29",2
"714",10.7,18.1,16.6,8,1328,"dojo_29",3
"715",5.4,14.1,13.5,8,1040,"dojo_29",1
"716",7,15.6,16.2,8,1300,"dojo_29",1
"717",7,9.8,13.7,8,1328,"dojo_29",2
"718",6.2,14,14.9,8,1258,"dojo_29",1
"719",4,11.6,12.4,8,1448,"dojo_29",1
"720",7,14.1,10.4,8,1319,"dojo_29",2
"721",3.7,16.4,6.2,8,1022,"dojo_29",1
"722",5.2,11.6,9.1,8,978,"dojo_29",1
"723",4.4,14.9,13.4,8,792,"dojo_29",1
"724",5.8,11.4,10.9,8,1003,"dojo_29",1
"725",4.4,8.8,11.9,8,1108,"dojo_29",1
"726",1.8,5.9,13.8,8,1441,"dojo_29",0
"727",6.1,11.9,10.5,8,1052,"dojo_29",2
"728",4.4,9.2,13.1,8,1310,"dojo_29",1
"729",5.1,15.2,13.2,8,1251,"dojo_29",1
"730",6.9,12.6,10.2,5,746,"dojo_30",1
"731",5.4,10.4,13.1,5,1089,"dojo_30",1
"732",3.5,11.9,12.8,5,1421,"dojo_30",1
"733",3.3,12.4,12.2,5,1563,"dojo_30",1
"734",4.4,11.6,10,5,1105,"dojo_30",1
"735",6.9,18.3,18.3,5,1166,"dojo_30",1
"736",3.6,12.6,9.3,5,1512,"dojo_30",1
"737",5.1,14.5,7.3,5,1580,"dojo_30",1
"738",6.2,8.4,13.4,5,817,"dojo_30",2
"739",3.4,12,4,5,1155,"dojo_30",1
"740",4.6,12.9,13.4,5,1158,"dojo_30",1
"741",4.4,8,14.9,5,1026,"dojo_30",0
"742",1.8,7,12.5,5,1257,"dojo_30",0
"743",2.2,8.3,12.2,5,1481,"dojo_30",1
"744",4,12.4,10.7,5,1196,"dojo_30",1
"745",4.2,16.3,5.6,5,1224,"dojo_30",1
"746",0.5,9.9,11.1,5,1330,"dojo_30",0
"747",3.1,13.2,10.5,5,1435,"dojo_30",1
"748",5.4,16.8,11.2,5,1291,"dojo_30",1
"749",1.8,9.8,14.5,5,1269,"dojo_30",1
"750",2.8,10.3,15.2,5,1286,"dojo_30",0
"751",3.6,12.7,12.2,5,1364,"dojo_30",3
"752",3.6,10.5,14.5,5,940,"dojo_30",0
"753",1.7,8.1,14.2,5,1241,"dojo_30",0
"754",4,12.3,8.3,5,1207,"dojo_30",1
"755",2.6,7.2,12.7,5,947,"dojo_30",0
"756",2.9,13.9,10,5,1330,"dojo_30",2
"757",5.9,19.4,9.3,5,1188,"dojo_30",1
"758",6.6,15.2,17.4,5,1089,"dojo_30",1
"759",5.7,12.9,8.3,6,1424,"dojo_31",1
"760",7,15.9,12.7,6,1022,"dojo_31",1
"761",1.4,7.5,9.5,6,1077,"dojo_31",2
"762",6.8,12.4,14.5,6,1148,"dojo_31",1
"763",7.7,17.6,11,6,1566,"dojo_31",2
"764",5.9,13.3,11,6,1097,"dojo_31",1
"765",5.9,11.8,15.7,6,969,"dojo_31",1
"766",3.9,14.9,5.4,6,1439,"dojo_31",1
"767",6.9,14.2,13.5,6,1183,"dojo_31",1
"768",9.4,16.8,15.8,6,1369,"dojo_31",3
"769",7,14.9,16.4,6,1224,"dojo_31",1
"770",5.9,12.9,14.4,6,1236,"dojo_31",1
"771",3.2,11,11.1,6,1675,"dojo_31",1
"772",6.8,14.4,12.3,6,1322,"dojo_31",1
"773",3.4,9.4,12.3,6,1327,"dojo_31",0
"774",6.9,12.5,12.6,6,1290,"dojo_31",2
"775",6.1,10.9,16.7,6,1433,"dojo_31",1
"776",3.1,5,11.6,6,1424,"dojo_31",1
"777",4.5,12.6,10.8,6,1374,"dojo_31",2
"778",5.6,11.1,16.7,0,1026,"dojo_32",1
"779",7.3,12.7,16.6,0,1064,"dojo_32",1
"780",6.1,14.6,17.4,0,1208,"dojo_32",1
"781",4,13.3,14.3,0,1268,"dojo_32",0
"782",6.4,7.8,17.9,0,909,"dojo_32",0
"783",7.1,12.2,10.9,0,1017,"dojo_32",1
"784",5.9,13.9,9.7,0,1306,"dojo_32",1
"785",7.6,13.7,10.5,0,905,"dojo_32",1
"786",6.9,9.5,14.6,0,976,"dojo_32",3
"787",3.1,14.2,11.8,0,1496,"dojo_32",1
"788",2.7,11.9,10.3,0,1540,"dojo_32",0
"789",3.5,11.5,5.3,0,1618,"dojo_32",1
"790",7.1,12.7,8.9,0,1009,"dojo_32",1
"791",3.4,9.7,6.3,0,1385,"dojo_32",0
"792",3.6,9.3,13.6,0,1103,"dojo_32",0
"793",8.2,15.4,11.8,0,1050,"dojo_32",1
"794",5.4,14.7,14.3,0,1273,"dojo_32",1
"795",8.5,17.2,15.5,0,991,"dojo_32",4
"796",4.8,12.6,14.1,0,1356,"dojo_32",1
"797",6.3,11.8,10.8,0,1009,"dojo_32",1
"798",4.7,12.5,12.1,0,1407,"dojo_32",1
"799",3.1,11.2,20,0,1406,"dojo_32",0
"800",5.7,11.9,14,0,1101,"dojo_32",1
"801",8.1,13.5,13.4,0,896,"dojo_32",2
"802",4.4,10.1,14.3,0,874,"dojo_32",0
"803",4.5,11.1,9.3,0,1179,"dojo_32",0
"804",3.6,11.8,10.3,0,1459,"dojo_32",1
"805",3,10.6,11,0,1287,"dojo_32",0
"806",5.1,10.1,9.2,0,1190,"dojo_32",1
"807",6.6,11.9,13.8,0,1198,"dojo_32",1
"808",6.9,13.6,4.6,0,1193,"dojo_32",1
"809",4.1,14.3,10.1,0,1542,"dojo_32",2
"810",3.1,3.5,12.9,0,1144,"dojo_32",0
"811",5.2,14.6,8,0,1279,"dojo_32",1
"812",6.4,11.2,11.3,0,1028,"dojo_32",1
"813",6.9,14.9,10.8,0,1378,"dojo_32",2
"814",4.9,9.9,15.4,0,1290,"dojo_32",1
"815",4.1,8.8,14.6,0,1375,"dojo_32",0
"816",5.2,14.3,7.1,7,1319,"dojo_33",1
"817",0,6.2,19.1,7,1399,"dojo_33",0
"818",2.5,12.5,13.1,7,1165,"dojo_33",1
"819",5.9,13,12.2,7,996,"dojo_33",2
"820",4.8,12.5,10.1,7,1212,"dojo_33",1
"821",8.8,14,18.2,7,779,"dojo_33",1
"822",5.9,14.8,13.4,7,1233,"dojo_33",2
"823",1.2,9,11.4,7,1279,"dojo_33",0
"824",8.8,14.8,6.6,7,746,"dojo_33",3
"825",4.8,10.9,14.3,7,1491,"dojo_33",1
"826",3.9,11.6,8.2,7,1187,"dojo_33",1
"827",4.9,13.4,9.1,7,933,"dojo_33",1
"828",2.8,11.1,10.6,7,1281,"dojo_33",0
"829",4.4,14.4,8.9,7,1407,"dojo_33",1
"830",8.3,17.7,12.6,7,1082,"dojo_33",2
"831",1.6,4.9,12.3,7,1174,"dojo_33",0
"832",5.1,15.8,10.4,7,1341,"dojo_33",1
"833",2.6,11.9,11.8,7,1085,"dojo_33",0
"834",3.5,10.3,10.4,7,1397,"dojo_33",3
"835",6.6,15.9,16.2,7,1424,"dojo_33",1
"836",5.6,16.1,19.6,7,1559,"dojo_33",1
"837",5.8,15.2,10.6,7,1207,"dojo_33",1
"838",6.4,10.5,11,7,661,"dojo_33",2
"839",4.8,11.7,14.6,7,1358,"dojo_33",1
"840",3.2,14.1,13.5,7,1519,"dojo_33",1
"841",2.3,10.1,6.9,7,1377,"dojo_33",0
"842",2.7,13.4,11.5,7,1315,"dojo_33",1
"843",10.4,14.2,17.6,7,778,"dojo_33",2
"844",5.3,10.9,13.8,4,1222,"dojo_34",1
"845",4.4,10.8,8.6,4,1425,"dojo_34",1
"846",3.7,9,4.2,4,1290,"dojo_34",1
"847",4.7,8.9,12.1,4,1138,"dojo_34",1
"848",6.6,11.6,11.1,4,1141,"dojo_34",1
"849",6.4,14.5,10.8,4,960,"dojo_34",1
"850",6,12.3,9.6,4,1256,"dojo_34",1
"851",5.6,14.2,9.7,4,1305,"dojo_34",1
"852",5.1,9,7.7,4,1047,"dojo_34",1
"853",10.8,20.9,14,4,1125,"dojo_34",3
"854",4.5,12.7,8,4,1482,"dojo_34",1
"855",5.1,11.9,6.2,4,1275,"dojo_34",1
"856",8.3,15.9,9.2,4,1049,"dojo_34",2
"857",7.2,13.7,10.4,4,1069,"dojo_34",1
"858",3.6,9.3,6.8,4,1051,"dojo_34",0
"859",5.6,10.6,15.7,4,1548,"dojo_34",1
"860",8.5,14.2,12.8,4,1466,"dojo_34",2
"861",7.6,15.4,11.7,4,1211,"dojo_34",1
"862",3,7.8,10.1,4,1420,"dojo_34",0
"863",6.8,12,11.2,4,1009,"dojo_34",2
"864",6.2,14.4,11.4,4,1190,"dojo_34",1
"865",6.5,11.8,8.7,4,1095,"dojo_34",1
"866",5.9,12.4,10.1,4,1134,"dojo_34",1
"867",6.6,12.2,11.8,4,1460,"dojo_34",1
"868",4.4,11.1,8.1,4,1173,"dojo_34",1
"869",3.1,10.1,9.2,4,1079,"dojo_34",0
"870",9.3,15,10.9,4,1215,"dojo_34",3
"871",9,18.6,14.6,4,1105,"dojo_34",2
"872",10.3,17.7,13.8,4,1098,"dojo_34",2
"873",1.6,6.4,15.6,4,1337,"dojo_34",0
"874",6.5,12.8,11.8,4,984,"dojo_34",1
"875",7.8,15.2,12.8,4,1426,"dojo_34",3
"876",6.6,11.6,13.8,4,1325,"dojo_34",1
"877",4.5,8.1,16.2,4,1068,"dojo_34",0
"878",7.5,11.3,21.3,4,1183,"dojo_34",1
"879",11,15.8,19.8,4,1428,"dojo_34",3
"880",3.6,5.2,10.8,4,1129,"dojo_34",0
"881",7.3,14.1,13.9,4,988,"dojo_34",1
"882",7.6,14.7,13.2,4,1032,"dojo_34",2
"883",4.3,10.8,10.8,4,1417,"dojo_34",2
"884",7.4,13.4,13.9,4,1208,"dojo_34",1
"885",4.3,11.7,8.2,4,1401,"dojo_34",1
"886",5.8,12.2,17.2,4,1256,"dojo_34",1
"887",3.2,9.3,7.3,4,1241,"dojo_34",0
"888",7.7,12.9,15.2,4,1398,"dojo_34",1
"889",5.7,10.4,17.6,4,1150,"dojo_34",2
"890",3.9,9.1,0.8,4,929,"dojo_34",0
"891",10,19.4,10.9,4,1576,"dojo_34",3
"892",7.3,15.7,8.9,4,1103,"dojo_34",1
"893",11.3,18.3,16.4,4,1345,"dojo_34",3
"894",5.3,5.7,12.2,2,1366,"dojo_35",1
"895",6.9,8.6,6.7,2,1062,"dojo_35",2
"896",6.6,10.9,14.3,2,853,"dojo_35",2
"897",5.7,13.8,13.4,2,1390,"dojo_35",1
"898",9,16.6,8.7,2,1285,"dojo_35",2
"899",7.2,14.4,10.4,2,1311,"dojo_35",1
"900",3.8,8.7,16.4,2,1543,"dojo_35",0
"901",4.8,11.1,8.7,2,1241,"dojo_35",1
"902",5.9,15.8,12.2,2,1107,"dojo_35",1
"903",5,9.7,9,2,994,"dojo_35",0
"904",5.7,11.7,14.3,2,1008,"dojo_35",1
"905",6.4,12.2,10.1,2,1128,"dojo_35",1
"906",5.5,13.2,17.8,2,1185,"dojo_35",1
"907",4.6,10.3,17.9,2,1273,"dojo_35",0
"908",6.2,9.8,7.2,2,1484,"dojo_35",1
"909",8.3,15,7.3,2,1421,"dojo_35",3
"910",6.6,18.7,13.6,2,894,"dojo_35",1
"911",4.7,15.8,13.2,2,997,"dojo_35",1
"912",6.7,12.4,10.3,2,1316,"dojo_35",1
"913",4.5,13.9,12.6,2,1100,"dojo_35",1
"914",5.9,9.4,10.3,2,1802,"dojo_35",1
"915",5.2,12.1,15.5,2,1311,"dojo_35",1
"916",4.7,8.5,6.6,2,1076,"dojo_35",1
"917",5,11.4,11.8,2,1103,"dojo_35",2
"918",6.4,10.9,10.6,2,1094,"dojo_35",1
"919",5,10.3,12.3,2,1194,"dojo_35",2
"920",5.7,12.4,9.8,2,1336,"dojo_35",1
"921",5.6,11.4,13.2,2,1192,"dojo_35",1
"922",4.1,10.9,10.9,2,1098,"dojo_35",0
"923",6,12.8,10.4,2,1264,"dojo_35",1
"924",4.9,10,14.7,2,1357,"dojo_35",2
"925",2.6,10.5,18.3,2,914,"dojo_35",0
"926",6.6,14.9,10.2,2,1467,"dojo_35",1
"927",6.7,13,12.8,2,1153,"dojo_35",1
"928",3.6,12.5,15.8,2,956,"dojo_35",0
"929",2.3,10.5,11.4,6,1653,"dojo_36",1
"930",0,5.6,12.1,6,1039,"dojo_36",0
"931",3.6,9.2,12.3,6,1332,"dojo_36",0
"932",1,9.8,13.1,6,1282,"dojo_36",0
"933",0.7,10.3,8.9,6,1092,"dojo_36",0
"934",0,7.8,10.2,6,1250,"dojo_36",0
"935",2.3,9.4,11,6,1021,"dojo_36",1
"936",7.4,16.9,16.4,6,1130,"dojo_36",1
"937",0.7,5,14.2,6,1173,"dojo_36",0
"938",7.3,14,18.2,6,965,"dojo_36",1
"939",7.9,13.9,15.1,6,1130,"dojo_36",1
"940",3.4,10.3,12.7,6,1186,"dojo_36",0
"941",1.4,9.1,11.2,6,1192,"dojo_36",0
"942",7.7,16.6,13.2,6,1130,"dojo_36",2
"943",6.9,13.7,13.8,6,912,"dojo_36",1
"944",2.2,6.3,11.2,6,760,"dojo_36",0
"945",3.8,9.4,13.5,6,1079,"dojo_36",0
"946",2.4,10.3,12.1,6,1167,"dojo_36",0
"947",7.9,16.2,12,6,1082,"dojo_36",2
"948",2.7,11.9,9.1,6,1168,"dojo_36",0
"949",3.9,14.5,8.1,6,1140,"dojo_36",1
"950",5.6,11.4,15,6,1120,"dojo_36",1
"951",3.9,13.7,11.1,6,1247,"dojo_36",1
"952",6.1,13.6,13.5,6,1174,"dojo_36",1
"953",3.7,15.6,7,6,1358,"dojo_36",1
"954",3.2,9.7,12.9,1,1196,"dojo_37",0
"955",4.2,14.3,12.6,1,966,"dojo_37",0
"956",5.6,16.4,10.9,1,1313,"dojo_37",2
"957",5.7,10.7,14.9,1,1353,"dojo_37",2
"958",4.8,14.7,13.1,1,1238,"dojo_37",1
"959",4.3,9.7,12.8,1,1259,"dojo_37",0
"960",2.5,13.5,11,1,1137,"dojo_37",1
"961",4.5,15.7,10.2,1,1187,"dojo_37",1
"962",2.6,7.6,13.6,1,1159,"dojo_37",0
"963",2.6,14.9,8,1,1477,"dojo_37",1
"964",4.4,14.6,13.4,1,927,"dojo_37",0
"965",5.7,14.6,13.2,1,1180,"dojo_37",1
"966",3.7,10.1,10,1,1187,"dojo_37",1
"967",3.4,9.4,16.8,1,1021,"dojo_37",0
"968",3.2,16.3,8.2,1,1009,"dojo_37",0
"969",3.9,16.5,17.5,1,1284,"dojo_37",1
"970",2.8,8.4,13.7,1,835,"dojo_37",0
"971",2.7,9.9,11.4,1,926,"dojo_37",0
"972",5.4,14.5,11.3,1,1443,"dojo_37",1
"973",4.1,16,16.5,1,1153,"dojo_37",1
"974",2.3,9.8,12.1,1,980,"dojo_37",0
"975",2.8,12.3,7.2,1,489,"dojo_37",0
"976",1.6,5.7,4.1,1,1057,"dojo_37",0
"977",6.3,17.4,13.7,1,1235,"dojo_37",1
"978",5.7,13.8,12.5,1,1116,"dojo_37",3
"979",4.8,10.7,13.1,1,1361,"dojo_37",1
"980",3.5,14.4,9,1,1228,"dojo_37",1
"981",2.6,14.4,9.1,1,1047,"dojo_37",0
"982",4.1,6.3,13.7,1,964,"dojo_37",0
"983",3.1,11,8.4,1,806,"dojo_37",0
"984",3.4,8.8,15.4,1,1055,"dojo_37",0
"985",4.8,12.1,13.9,1,1244,"dojo_37",1
"986",4,14.3,13.4,1,1322,"dojo_37",1
"987",2.6,3.2,12.1,1,1248,"dojo_37",0
"988",5.2,10.2,7.4,1,1496,"dojo_37",1
"989",4.6,13.7,15.2,1,1287,"dojo_37",1
"990",3.5,13.9,12,3,1028,"dojo_38",0
"991",8.2,19.8,17,3,977,"dojo_38",2
"992",4.5,15.2,11.8,3,1247,"dojo_38",2
"993",4,11.7,12,3,1558,"dojo_38",1
"994",4.2,14.7,7.8,3,1195,"dojo_38",1
"995",5.4,12.3,13.3,3,1087,"dojo_38",1
"996",3.5,5.9,8.7,3,777,"dojo_38",1
"997",2.2,11.8,10,3,934,"dojo_38",1
"998",2.2,8.1,13.8,3,1507,"dojo_38",0
"999",2.4,5,11.6,3,1102,"dojo_38",0
"1000",4.2,14.5,9.6,3,1560,"dojo_38",1
"1001",4.7,11.4,18,3,1150,"dojo_38",1
"1002",2.5,12,9.7,3,1156,"dojo_38",0
"1003",3.9,11.4,7.9,3,954,"dojo_38",0
"1004",4.5,13.1,12.8,3,1505,"dojo_38",1
"1005",3.3,12.5,8.4,3,1370,"dojo_38",1
"1006",0.8,10.7,7.2,3,1259,"dojo_38",1
"1007",3.4,12.1,8.9,3,1412,"dojo_38",1
"1008",3.4,12,17.6,3,1038,"dojo_38",0
"1009",0.4,5.1,12,3,982,"dojo_38",0
"1010",3.5,13.4,7.5,3,1356,"dojo_38",1
"1011",1.4,11.3,11,3,1309,"dojo_38",0
"1012",4.7,14.1,11.2,3,1041,"dojo_38",1
"1013",5.6,12,8.6,3,1086,"dojo_38",1
"1014",1.4,8.1,15.9,3,1463,"dojo_38",1
"1015",2.8,8.9,12.4,3,1501,"dojo_38",0
"1016",6.1,14,11.5,3,1257,"dojo_38",1
"1017",6.2,16.6,11.8,11,1474,"dojo_39",2
"1018",6,13.4,9.6,11,1272,"dojo_39",1
"1019",4.6,13.3,11.4,11,1011,"dojo_39",1
"1020",1,11,14.2,11,652,"dojo_39",0
"1021",3,8.4,13.6,11,1129,"dojo_39",0
"1022",3.4,15.1,7.4,11,815,"dojo_39",1
"1023",6.1,13.9,14.8,11,1120,"dojo_39",1
"1024",5.5,15.1,9,11,1286,"dojo_39",1
"1025",4.4,11.5,12.9,11,1241,"dojo_39",1
"1026",1.6,10.4,14.4,11,1102,"dojo_39",0
"1027",3.8,13,7.8,11,1128,"dojo_39",1
"1028",4.1,8.5,10.8,11,1307,"dojo_39",1
"1029",6.3,15,11.3,11,1048,"dojo_39",1
"1030",5.4,9.8,8.4,11,1359,"dojo_39",1
"1031",3.7,11.3,13.4,11,1092,"dojo_39",1
"1032",6.6,13.4,5.1,11,1491,"dojo_39",2
"1033",4.7,11.7,14.6,11,1413,"dojo_39",1
"1034",2.5,11.7,15.5,11,1334,"dojo_39",0
"1035",7.1,13,9.1,11,1146,"dojo_39",1
"1036",6.7,14.1,8.7,11,1186,"dojo_39",2
"1037",8.1,18.3,11.8,11,895,"dojo_39",2
"1038",5,15.4,12.5,11,1052,"dojo_39",2
"1039",3.7,13.8,9.8,11,1069,"dojo_39",2
"1040",3.2,12.5,13.8,11,1019,"dojo_39",0
"1041",6.3,15.7,9,11,1142,"dojo_39",1
"1042",1.7,8.6,12.6,4,1487,"dojo_40",1
"1043",5.8,11.4,10.7,4,796,"dojo_40",1
"1044",4.4,10.2,15.7,4,962,"dojo_40",0
"1045",5.3,9.6,9.4,4,940,"dojo_40",2
"1046",5.7,11.2,17,4,1245,"dojo_40",1
"1047",7.4,16.4,10.5,4,1033,"dojo_40",1
"1048",7,11.3,14.7,4,1142,"dojo_40",2
"1049",2.8,13.5,10.4,4,1583,"dojo_40",1
"1050",8.3,11.6,12.1,4,1061,"dojo_40",2
"1051",4.3,12.6,6.2,4,1222,"dojo_40",1
"1052",6.4,10.5,15.5,4,935,"dojo_40",1
"1053",4.7,13.6,7.2,4,976,"dojo_40",1
"1054",7.2,13.8,13.3,4,1116,"dojo_40",1
"1055",9.1,14.9,13.6,4,999,"dojo_40",2
"1056",4.5,10,14.4,4,1237,"dojo_40",2
"1057",6.6,11.6,14.3,4,1100,"dojo_40",1
"1058",3.8,8.3,14.5,4,930,"dojo_40",0
"1059",4.2,11,16,4,1403,"dojo_40",1
"1060",8.5,17.2,16.7,4,1552,"dojo_40",2
"1061",3.5,5.4,15.6,4,995,"dojo_40",0
"1062",4.7,11.3,9.1,4,1102,"dojo_40",1
"1063",3.7,10.9,9.4,4,1244,"dojo_40",0
"1064",6.8,14,11.3,4,1199,"dojo_40",1
"1065",8.5,17.1,11.7,4,1287,"dojo_40",2
"1066",6.4,12.7,14.3,4,1003,"dojo_40",1
"1067",5.1,11,11,4,1256,"dojo_40",2
"1068",8.4,16.3,15.3,4,1385,"dojo_40",3
"1069",4.5,12.7,13.5,4,1586,"dojo_40",1
"1070",3.3,16.3,12.8,4,937,"dojo_41",0
"1071",4.1,9.7,11.4,4,1423,"dojo_41",1
"1072",4.6,10.8,7.9,4,1235,"dojo_41",2
"1073",6.5,9.6,10.4,4,1359,"dojo_41",1
"1074",7.2,15.5,16.1,4,1457,"dojo_41",1
"1075",5.3,9.5,11.7,4,1238,"dojo_41",1
"1076",4.2,10.1,11.6,4,1005,"dojo_41",1
"1077",1.3,7.4,9.9,4,957,"dojo_41",2
"1078",5.1,14,9.1,4,1215,"dojo_41",2
"1079",3.2,11.9,8.7,4,965,"dojo_41",0
"1080",6.1,8.6,9.8,4,1258,"dojo_41",1
"1081",5.1,14.9,12,4,1176,"dojo_41",1
"1082",4.3,11.8,9.5,4,1440,"dojo_41",2
"1083",5,11.8,9.8,4,1068,"dojo_41",1
"1084",6.8,14.1,11.3,4,1255,"dojo_41",1
"1085",4.6,15.2,7.6,4,1195,"dojo_41",1
"1086",6.1,15.8,14.1,4,1235,"dojo_41",1
"1087",4.2,13.8,13.1,4,1134,"dojo_41",1
"1088",6.5,9.6,12.8,4,1274,"dojo_41",1
"1089",7,14.3,14.3,4,1212,"dojo_41",2
"1090",3.2,9.5,13.7,4,766,"dojo_41",0
"1091",8.5,11.2,11.1,4,1456,"dojo_41",3
"1092",6.4,11.7,9,4,1553,"dojo_41",1
"1093",5.5,15.8,9.3,4,1126,"dojo_41",1
"1094",7.5,19.1,15.8,4,1207,"dojo_41",2
"1095",7,10.8,11.9,4,1341,"dojo_41",1
"1096",4.4,14.9,12.5,4,918,"dojo_41",1
"1097",6.6,17.4,16.7,4,1200,"dojo_41",1
"1098",2.9,8.2,13.2,4,834,"dojo_41",1
"1099",0.7,2.1,11.3,4,1127,"dojo_41",1
"1100",5.5,11.9,9.3,4,1337,"dojo_41",1
"1101",4.4,5.2,8.5,4,1194,"dojo_41",0
"1102",5.5,16.5,9.8,4,1185,"dojo_41",2
"1103",7.8,15.7,14,4,1258,"dojo_41",3
"1104",5,11.2,9,4,1112,"dojo_41",1
"1105",4.4,11.9,12.5,4,1232,"dojo_41",1
"1106",2.7,9.3,13,4,1087,"dojo_41",0
"1107",3.7,13.7,10.9,4,1016,"dojo_41",0
"1108",4.7,9.4,9.1,4,1077,"dojo_41",0
"1109",7.2,13.9,10.5,4,1435,"dojo_41",1
"1110",3.1,9.1,14.1,4,1213,"dojo_41",0
"1111",7.1,12.9,11.9,4,1143,"dojo_41",2
"1112",6.1,17.1,16.6,4,1309,"dojo_41",1
"1113",7.4,13.6,16.9,4,1506,"dojo_41",1
"1114",6.2,15.7,9.7,2,1295,"dojo_42",1
"1115",5.5,15.6,11.2,2,1211,"dojo_42",2
"1116",1.5,10.3,10.6,2,1051,"dojo_42",0
"1117",3.3,6.9,13.3,2,1340,"dojo_42",2
"1118",6.5,10.9,13.2,2,1801,"dojo_42",2
"1119",2.2,13.4,12.1,2,684,"dojo_42",0
"1120",1.8,12.1,17,2,874,"dojo_42",1
"1121",4.6,11.1,12.8,2,1214,"dojo_42",1
"1122",3.1,11.1,10.5,2,1290,"dojo_42",0
"1123",4.8,8,7.8,2,1275,"dojo_42",1
"1124",3.8,7.7,12.2,2,1022,"dojo_42",0
"1125",6.2,16.1,14.7,2,1244,"dojo_42",1
"1126",3.1,12.9,10.1,2,1073,"dojo_42",0
"1127",5.4,14.6,12.3,2,1267,"dojo_42",1
"1128",2.7,15.2,13.8,2,899,"dojo_42",0
"1129",5.7,15.5,14.7,2,1489,"dojo_42",1
"1130",3.3,9.3,11.5,2,1136,"dojo_42",1
"1131",5,13.1,10,2,1114,"dojo_42",1
"1132",2.8,6.4,14.3,2,1285,"dojo_42",1
"1133",3.9,15.6,13.7,2,995,"dojo_42",0
"1134",3.2,12.5,14.6,2,1164,"dojo_42",0
"1135",4.9,13.5,10.5,2,1388,"dojo_42",1
"1136",4.6,12.4,12.2,2,931,"dojo_42",0
"1137",4.4,10.2,8,7,1332,"dojo_43",1
"1138",3.4,9,12.8,7,1134,"dojo_43",0
"1139",5.4,14.5,7.3,7,1190,"dojo_43",2
"1140",7.9,17.5,9.7,7,1342,"dojo_43",2
"1141",5.2,11.9,14.6,7,1320,"dojo_43",1
"1142",4.5,13.3,10.7,7,1531,"dojo_43",1
"1143",6.8,14.6,10.9,7,991,"dojo_43",1
"1144",2.7,11.5,8.9,7,822,"dojo_43",0
"1145",6.1,15.1,13.6,7,1143,"dojo_43",1
"1146",8,15.4,10.6,7,921,"dojo_43",1
"1147",6.2,13.4,11.8,7,1292,"dojo_43",1
"1148",5.2,11.1,13.4,7,857,"dojo_43",2
"1149",4.6,13.9,12.8,7,705,"dojo_43",0
"1150",6,13.2,14.5,7,1234,"dojo_43",1
"1151",2.2,11,11.4,4,1380,"dojo_44",1
"1152",4.8,9.6,15.8,4,915,"dojo_44",0
"1153",5,13.7,12.1,4,762,"dojo_44",1
"1154",3.8,9.1,13.5,4,916,"dojo_44",0
"1155",2.4,12.5,10.6,4,1443,"dojo_44",0
"1156",5.2,14.5,13.2,4,1132,"dojo_44",1
"1157",3,14,9.6,4,1184,"dojo_44",0
"1158",6.6,9.3,19,4,1086,"dojo_44",1
"1159",6.1,16.2,12,4,1325,"dojo_44",1
"1160",5.7,13.9,17.4,4,1154,"dojo_44",1
"1161",6.6,15.4,13.6,4,935,"dojo_44",1
"1162",5.8,18.1,10.5,4,1148,"dojo_44",1
"1163",2.3,14.6,9.5,4,1316,"dojo_44",0
"1164",3.9,9.3,12.6,4,1127,"dojo_44",0
"1165",2.7,13.4,14.9,4,1364,"dojo_44",0
"1166",6.3,16.9,13.6,4,1305,"dojo_44",1
"1167",5.4,12.1,10.8,4,1277,"dojo_44",1
"1168",3.2,15.2,9,4,1392,"dojo_44",1
"1169",4.2,13.2,13.7,4,737,"dojo_44",0
"1170",3.5,12.1,9.2,4,1163,"dojo_44",0
"1171",7.5,15.1,15,4,1121,"dojo_44",1
"1172",1.2,11.2,14.8,4,1668,"dojo_44",0
"1173",1.3,11.8,10.5,4,1370,"dojo_44",0
"1174",7.7,18.2,13.1,4,841,"dojo_44",1
"1175",3,12.1,9,4,1612,"dojo_44",1
"1176",0.6,15.3,10.5,4,1697,"dojo_44",1
"1177",2.3,8.9,8.7,4,1376,"dojo_44",1
"1178",3.3,9.6,14.7,4,1040,"dojo_44",0
"1179",5.2,14.9,11,4,1157,"dojo_44",2
"1180",4.8,12,10.7,4,1194,"dojo_44",1
"1181",3.6,14.5,12.7,4,737,"dojo_44",0
"1182",2.7,13.8,11.2,4,1509,"dojo_44",2
"1183",3.2,11.1,13.8,4,1460,"dojo_44",0
"1184",7.4,15.8,11.1,4,1055,"dojo_44",1
"1185",5.9,15.3,10.3,4,1144,"dojo_44",1
"1186",0.1,12,1.2,4,1392,"dojo_44",1
"1187",6.1,14,18.5,4,1351,"dojo_44",2
"1188",3.2,9.3,13.4,4,876,"dojo_44",0
"1189",5.1,14,12.9,4,978,"dojo_44",2
"1190",2.5,11,11.8,4,1691,"dojo_44",1
"1191",6.9,13.9,17,7,1272,"dojo_45",1
"1192",5.7,12.8,10.2,7,1288,"dojo_45",1
"1193",4.4,5.1,11.7,7,1015,"dojo_45",1
"1194",7.8,14.8,19.5,7,1553,"dojo_45",3
"1195",7.1,17.8,10.1,7,1464,"dojo_45",4
"1196",5.8,9.7,15.2,7,1195,"dojo_45",1
"1197",4.9,12.1,12.7,7,1183,"dojo_45",1
"1198",6.8,14.6,6.5,7,1282,"dojo_45",1
"1199",5.3,8.1,5.7,7,1098,"dojo_45",1
"1200",6.4,10.5,10.2,7,1125,"dojo_45",1
"1201",7.9,15.5,7.8,7,1295,"dojo_45",2
"1202",5.7,11.7,6.7,7,1063,"dojo_45",1
"1203",7.4,18.5,15.4,7,1165,"dojo_45",2
"1204",6.7,12.1,9.2,7,1277,"dojo_45",2
"1205",3,7,18.6,7,1233,"dojo_45",0
"1206",5.4,7.7,6.4,7,1204,"dojo_45",1
"1207",4.2,7.5,8.1,7,1501,"dojo_45",1
"1208",9.5,17.4,10.5,7,1533,"dojo_45",2
"1209",5.7,11.3,8.8,7,722,"dojo_45",2
"1210",5.6,10.1,11.2,7,1243,"dojo_45",1
"1211",5.5,13.5,14,7,1341,"dojo_45",1
"1212",6.4,16.2,9.9,7,1312,"dojo_45",2
"1213",4.1,9.5,12.7,7,1339,"dojo_45",1
"1214",7.1,12.3,10.2,7,1270,"dojo_45",1
"1215",4.9,12.5,9.2,7,1339,"dojo_45",1
"1216",5.1,8.8,11.3,7,1119,"dojo_45",1
"1217",5.5,11.4,14.5,7,1343,"dojo_45",1
"1218",3.4,7.2,13.8,7,1516,"dojo_45",0
"1219",7,12,10.1,7,1388,"dojo_45",1
"1220",7.3,11.2,6,7,830,"dojo_45",1
"1221",6.1,14.8,10.7,3,1089,"dojo_46",1
"1222",6.1,11.7,16.6,3,1129,"dojo_46",1
"1223",5,11.9,15,3,811,"dojo_46",1
"1224",6.4,13.1,12.8,3,1668,"dojo_46",1
"1225",5.2,10.5,9.7,3,1209,"dojo_46",1
"1226",4.9,9.6,15.9,3,1447,"dojo_46",1
"1227",3.4,7.7,11.1,3,976,"dojo_46",0
"1228",3.4,12,11.7,3,1183,"dojo_46",0
"1229",5.2,9.4,11.8,3,1241,"dojo_46",1
"1230",3.4,9.8,9.9,3,1247,"dojo_46",0
"1231",5.8,11.4,17,3,1371,"dojo_46",1
"1232",4.7,12.4,12,3,1259,"dojo_46",3
"1233",5.9,12.6,14.1,3,1147,"dojo_46",2
"1234",5.6,15.1,14.9,3,1157,"dojo_46",1
"1235",5.5,12.1,13,3,1154,"dojo_46",1
"1236",3.3,10.8,9.5,3,939,"dojo_46",0
"1237",4.9,12.5,14.8,3,1299,"dojo_46",2
"1238",5.1,10.9,13.1,3,1310,"dojo_46",1
"1239",5.8,12,13.4,5,1232,"dojo_47",2
"1240",4,19,12.3,5,844,"dojo_47",1
"1241",6.2,13.5,11.6,5,1070,"dojo_47",1
"1242",5.9,11.3,13.2,5,1154,"dojo_47",2
"1243",6.6,9.8,9.4,5,1190,"dojo_47",1
"1244",5.7,14.9,9.9,5,1224,"dojo_47",1
"1245",6.8,12.4,7.4,5,1358,"dojo_47",1
"1246",3.1,11,12.6,5,1119,"dojo_47",0
"1247",7.1,9.8,9.7,5,1408,"dojo_47",1
"1248",4.5,10.3,12.3,5,1121,"dojo_47",0
"1249",7.1,12.7,12,5,1286,"dojo_47",1
"1250",5.9,12.7,15,5,1014,"dojo_47",2
"1251",4.9,11.5,20.8,5,938,"dojo_47",0
"1252",5.9,10.6,11.5,5,1240,"dojo_47",1
"1253",7.1,8.2,13.1,5,1487,"dojo_47",1
"1254",7.4,12.5,9.1,5,1385,"dojo_47",2
"1255",7,6.7,13.6,5,1705,"dojo_47",1
"1256",5.2,10.5,10.3,5,1436,"dojo_48",1
"1257",4.3,12.1,11.3,5,916,"dojo_48",0
"1258",3.4,9.6,13.7,5,1143,"dojo_48",1
"1259",6.2,12.8,12.7,5,1217,"dojo_48",1
"1260",3.3,10.2,14.1,5,783,"dojo_48",0
"1261",4.2,10,12,5,1254,"dojo_48",1
"1262",5.3,8.3,10.2,5,873,"dojo_48",0
"1263",5,12.1,17.3,5,1050,"dojo_48",1
"1264",6.2,12.3,11.3,5,984,"dojo_48",2
"1265",4.2,10.5,7.1,5,1032,"dojo_48",0
"1266",5.7,13.1,11.2,5,1154,"dojo_48",1
"1267",4.1,6.8,14.2,5,1367,"dojo_48",0
"1268",3.7,11.6,11.8,5,1481,"dojo_48",2
"1269",4.5,10,14.6,5,799,"dojo_48",0
"1270",7.8,11.8,18.3,5,1023,"dojo_48",1
"1271",4.8,13.9,10.9,5,1447,"dojo_48",1
"1272",5.4,10,15.7,5,930,"dojo_48",0
"1273",5.7,12.8,11,5,1271,"dojo_48",1
"1274",2.6,10.2,9.3,5,710,"dojo_48",0
"1275",6,11.9,8.3,5,1028,"dojo_48",2
"1276",7.9,17.8,11.3,5,1205,"dojo_48",2
"1277",3,10.7,8.2,5,1280,"dojo_48",0
"1278",3.6,9.3,12.1,5,1013,"dojo_48",0
"1279",6.1,11.8,11.2,5,1059,"dojo_48",2
"1280",4.7,10.6,13.3,5,1183,"dojo_48",1
"1281",3.5,6.1,14.3,5,1298,"dojo_48",0
"1282",5.5,14,10.2,5,1308,"dojo_48",1
"1283",8.2,17.3,13.2,5,999,"dojo_48",3
"1284",6.3,12.1,9.1,5,1272,"dojo_48",1
"1285",4,12,10.2,5,1203,"dojo_48",1
"1286",5.7,16.4,10.1,5,1017,"dojo_48",1
"1287",4.5,12.2,7.5,5,1202,"dojo_48",2
"1288",3.8,7.6,11.5,2,1454,"dojo_49",0
"1289",1.3,9,12.6,2,1127,"dojo_49",1
"1290",6.1,11.5,13.3,2,1271,"dojo_49",1
"1291",7.9,16.8,12.3,2,1207,"dojo_49",2
"1292",7.3,13,14.3,2,1495,"dojo_49",1
"1293",4.9,14.4,11.4,2,1161,"dojo_49",2
"1294",3.8,10.1,10.3,2,1315,"dojo_49",1
"1295",4.6,11.8,10.5,2,1474,"dojo_49",1
"1296",1.5,8.6,10.2,2,1211,"dojo_49",0
"1297",2.8,10.5,10.7,2,1533,"dojo_49",0
"1298",4.8,14.1,13.4,2,1110,"dojo_49",1
"1299",5.4,12.4,15.9,2,1088,"dojo_49",2
"1300",4.5,12.7,15.1,2,1160,"dojo_49",0
"1301",2.6,10,11.8,2,1222,"dojo_49",0
"1302",5.1,8.6,15,2,1324,"dojo_49",2
"1303",2.1,7.1,12.3,2,898,"dojo_49",0
"1304",6.8,14.9,11.6,2,1330,"dojo_49",1
"1305",5.5,15.6,9.6,2,1178,"dojo_49",1
"1306",8,19.8,12.5,7,1191,"dojo_50",2
"1307",6.4,14.3,9.8,7,1357,"dojo_50",2
"1308",2.6,9.5,13.8,7,1088,"dojo_50",0
"1309",3.9,9.6,12.6,7,1447,"dojo_50",1
"1310",4.5,12.1,10.9,7,1204,"dojo_50",1
"1311",2.4,10.6,19.4,7,1092,"dojo_50",1
"1312",2.7,14.6,9.9,7,756,"dojo_50",0
"1313",5.3,14.5,11.8,7,1370,"dojo_50",1
"1314",5,11.9,20,7,895,"dojo_50",1
"1315",6.1,12.9,16.8,7,1557,"dojo_50",1
"1316",3.7,10.5,12.6,7,1045,"dojo_50",2
"1317",5.2,9.7,13.3,7,1353,"dojo_50",1
"1318",3.5,11,5.2,7,1239,"dojo_50",1
"1319",2.3,11.3,9.6,7,769,"dojo_50",0
"1320",1,7.8,14.4,7,975,"dojo_50",0
"1321",3.2,12.2,9.6,7,1330,"dojo_50",1
"1322",6.5,11.8,6,7,1179,"dojo_50",2
"1323",5.9,15.4,10.5,7,1398,"dojo_50",1
"1324",1.9,8.3,16.1,7,1150,"dojo_50",0
"1325",1.8,8.7,10.4,7,1139,"dojo_50",0
"1326",5.7,15.5,15.3,7,1190,"dojo_50",1
"1327",4.3,9,15.6,7,1112,"dojo_50",0
"1328",5.5,13.4,11.5,7,979,"dojo_50",2
"1329",6.5,13.7,11.6,7,1322,"dojo_50",1
"1330",6.6,13.8,12.5,7,1206,"dojo_50",1
"1331",4.9,9.2,11.7,7,856,"dojo_50",0
"1332",6,15,13.4,8,1388,"dojo_51",1
"1333",2,9.1,13.6,8,1127,"dojo_51",0
"1334",4.6,15.3,10.7,8,1097,"dojo_51",1
"1335",3.2,9.2,13.9,8,1036,"dojo_51",0
"1336",4.2,15.4,11.8,8,861,"dojo_51",1
"1337",2.9,9.5,11.4,8,1165,"dojo_51",0
"1338",3,10.4,14.2,8,1452,"dojo_51",3
"1339",1.8,11,5.1,8,1455,"dojo_51",1
"1340",1.7,11.4,9.4,8,1512,"dojo_51",0
"1341",4,13.6,20.6,8,1204,"dojo_51",1
"1342",1.7,11.3,10.8,8,1224,"dojo_51",0
"1343",0.6,11.9,14.1,8,1591,"dojo_51",0
"1344",5.3,14.7,14,8,890,"dojo_51",1
"1345",6.8,12.9,10.4,8,1019,"dojo_51",1
"1346",2.9,13,8.2,8,1249,"dojo_51",1
"1347",4.3,13.7,12.9,8,866,"dojo_51",1
"1348",6.2,15.8,10.9,8,779,"dojo_51",1
"1349",5.1,15.1,3.8,8,1226,"dojo_51",1
"1350",2.3,14.4,13.3,8,1112,"dojo_51",0
"1351",3.8,11.4,8.8,8,1096,"dojo_51",2
"1352",7.3,19.9,10.7,7,909,"dojo_52",2
"1353",1.8,9,11.4,7,1145,"dojo_52",0
"1354",1.6,5.2,15.3,7,1300,"dojo_52",0
"1355",5.6,13.3,8.9,7,1296,"dojo_52",1
"1356",7.7,16.4,9,7,1045,"dojo_52",2
"1357",5.5,11.3,11.2,7,1245,"dojo_52",1
"1358",1.6,7.3,14.3,7,1472,"dojo_52",0
"1359",4.6,16.7,4.3,7,1029,"dojo_52",2
"1360",7.3,15.6,12.2,7,1223,"dojo_52",1
"1361",6.6,11.8,13.8,7,1308,"dojo_52",1
"1362",3.1,9.3,10,7,1410,"dojo_52",2
"1363",2.4,7.2,14.2,7,1255,"dojo_52",0
"1364",6.3,12.7,12.8,7,996,"dojo_52",1
"1365",1.6,8.8,13.2,7,1283,"dojo_52",0
"1366",4.5,14.3,10.3,7,846,"dojo_52",2
"1367",5.1,11.2,10.3,7,1154,"dojo_52",1
"1368",5.2,14.7,10.2,7,1146,"dojo_52",1
"1369",3.7,9,12.5,7,1562,"dojo_52",1
"1370",2.8,9.1,14.2,7,1104,"dojo_52",0
"1371",3.4,12.1,10,7,1288,"dojo_52",1
"1372",6.5,9.6,19.5,7,1331,"dojo_52",1
"1373",4,12.9,8.9,7,1269,"dojo_52",2
"1374",2.1,9.2,9.4,7,1134,"dojo_52",0
"1375",1.2,9.4,11.4,7,901,"dojo_52",0
"1376",4.6,8.4,12.4,8,904,"dojo_53",0
"1377",0.9,6.9,12.3,8,882,"dojo_53",2
"1378",3.6,8.3,7.7,8,1405,"dojo_53",1
"1379",7.4,13,10.6,8,1294,"dojo_53",2
"1380",7.7,13.8,13.5,8,1531,"dojo_53",2
"1381",5,9.1,10.5,8,1472,"dojo_53",2
"1382",6.7,12.8,8.9,8,1055,"dojo_53",1
"1383",6.3,11,10,8,930,"dojo_53",1
"1384",3.5,8.7,15,8,1106,"dojo_53",0
"1385",4.7,11.6,11.2,8,1140,"dojo_53",2
"1386",5.8,11.6,13.1,8,1348,"dojo_53",1
"1387",5.9,14.9,12.1,8,1177,"dojo_53",1
"1388",5,14.9,7.2,8,999,"dojo_53",1
"1389",4.4,10.3,13.3,8,1013,"dojo_53",0
"1390",4.3,9,11.3,8,990,"dojo_53",0
"1391",5.5,13.7,11.2,8,1264,"dojo_53",1
"1392",5.9,11.4,10.4,8,1065,"dojo_53",2
"1393",1.3,11.9,14.5,8,970,"dojo_53",0
"1394",5.9,14.7,7.2,8,965,"dojo_53",1
"1395",4.2,10.5,12.1,8,1066,"dojo_53",1
"1396",8.7,12,10.9,8,1556,"dojo_53",2
"1397",5.4,9.4,8.9,8,1299,"dojo_53",2
"1398",4,9.8,19.4,8,1186,"dojo_53",0
"1399",7.2,14.7,7.9,8,1402,"dojo_53",2
"1400",6.7,16.6,8.6,8,1032,"dojo_53",1
"1401",6.9,12.6,9.2,8,1291,"dojo_53",1
"1402",4,5.5,15.6,8,1303,"dojo_53",0
"1403",4.8,10.7,11.3,8,1034,"dojo_53",1
"1404",4.7,9.9,11.9,8,1159,"dojo_53",1
"1405",5.4,14,13.2,8,849,"dojo_53",1
"1406",6.1,12.5,10.5,8,1209,"dojo_53",1
"1407",7.4,14.2,13.8,8,1541,"dojo_53",2
"1408",4.3,9.7,9.4,8,1061,"dojo_53",1
"1409",5.7,13.7,11.1,8,1093,"dojo_53",1
"1410",5.2,10.5,12.9,8,1216,"dojo_53",2
"1411",5.5,11.4,10.9,8,1218,"dojo_53",1
"1412",5.2,9.5,11,8,1240,"dojo_53",1
"1413",3.6,12.1,12.7,8,1163,"dojo_53",1
"1414",6.5,10.7,12.7,8,1526,"dojo_53",1
"1415",6.5,13.4,8.6,3,1143,"dojo_54",3
"1416",3.8,13.2,7.2,3,1300,"dojo_54",1
"1417",3.8,12,11.5,3,1716,"dojo_54",1
"1418",5.4,12.7,9.1,3,1574,"dojo_54",1
"1419",6.3,14.6,9.9,3,1227,"dojo_54",1
"1420",4.2,6.9,13.1,3,1325,"dojo_54",0
"1421",6,17.2,10.2,3,1363,"dojo_54",1
"1422",7.1,17,9.4,3,1303,"dojo_54",2
"1423",5.4,14.8,8.8,3,1101,"dojo_54",2
"1424",6.2,13.4,13.6,3,1018,"dojo_54",1
"1425",5.4,10.7,6.4,3,1372,"dojo_54",1
"1426",5.2,14.3,11.8,3,1342,"dojo_54",1
"1427",4.2,11.7,11.4,3,1096,"dojo_54",0
"1428",5.9,14.2,15.6,3,1168,"dojo_54",1
"1429",7.3,19.7,16.9,3,855,"dojo_54",2
"1430",4.3,14,11.2,3,1297,"dojo_54",1
"1431",3.5,9.5,15.7,3,1015,"dojo_54",0
"1432",3.4,7.3,14,3,1685,"dojo_54",2
"1433",5.9,11.9,9.6,3,1274,"dojo_54",1
"1434",4.8,11.2,11.5,3,1121,"dojo_54",1
"1435",7.4,12.3,14.3,3,912,"dojo_54",1
"1436",3.7,5,5.8,3,1322,"dojo_54",0
"1437",6,12.4,11.1,3,1242,"dojo_54",2
"1438",5.8,6,11.8,3,1121,"dojo_54",1
"1439",5.4,13,12.5,3,1495,"dojo_54",1
"1440",5.9,22.6,15.1,3,1303,"dojo_54",1
"1441",8,13.5,15,3,752,"dojo_54",1
"1442",6.4,11.8,11.9,3,1164,"dojo_54",1
"1443",6.4,10.6,14.3,3,989,"dojo_54",1
"1444",6.9,11.8,14.5,3,1036,"dojo_54",1
"1445",3.1,9.7,14.9,3,1250,"dojo_54",0
"1446",7.4,13.4,11.4,3,888,"dojo_54",1
"1447",6.4,13.4,13,3,1607,"dojo_54",1
"1448",5.9,9.7,9.4,3,933,"dojo_54",2
"1449",5.9,15.9,10.3,3,1080,"dojo_54",1
"1450",7.2,13.4,11.9,3,998,"dojo_54",1
"1451",5.5,16,11.5,3,1178,"dojo_54",1
"1452",4.4,13.9,6,8,1225,"dojo_55",3
"1453",1.5,4.4,16.3,8,1606,"dojo_55",1
"1454",0.8,14.2,14.4,8,900,"dojo_55",0
"1455",6.2,13.5,14.1,8,956,"dojo_55",1
"1456",2.2,7.7,9.8,8,1254,"dojo_55",0
"1457",7.5,12.8,15.6,8,1250,"dojo_55",3
"1458",2.6,11.1,16.5,8,1106,"dojo_55",0
"1459",4.2,10.1,15.6,8,1231,"dojo_55",2
"1460",0,2,9.3,8,1032,"dojo_55",0
"1461",4.6,7,12.2,8,1655,"dojo_55",1
"1462",10.1,17,7.7,8,1356,"dojo_55",4
"1463",6.5,11.9,6.5,8,1243,"dojo_55",1
"1464",8.1,10.4,10.3,8,1637,"dojo_55",4
"1465",4.6,14.9,11.6,8,1153,"dojo_55",1
"1466",3.8,11.1,11.8,8,1135,"dojo_55",2
"1467",8.7,10.6,13.1,8,1644,"dojo_55",2
"1468",6.6,13.4,13,8,1533,"dojo_55",1
"1469",7.1,9.5,14,8,1574,"dojo_55",1
"1470",5.2,11,13.6,8,1368,"dojo_55",1
"1471",2.5,8.4,8.5,8,1177,"dojo_55",0
"1472",0,4.9,12.9,8,987,"dojo_55",0
"1473",8.6,14.7,16.7,8,1447,"dojo_55",2
"1474",6.6,11.5,12.8,8,1438,"dojo_55",1
"1475",6.1,19.3,8.5,8,1070,"dojo_55",1
"1476",7.4,15.8,18.3,3,1300,"dojo_56",1
"1477",6.1,13,13.5,3,1517,"dojo_56",1
"1478",7.1,14.5,13.5,3,1541,"dojo_56",1
"1479",1.9,6.1,12.6,3,1279,"dojo_56",3
"1480",6.2,16.3,9.3,3,1373,"dojo_56",2
"1481",3.7,10.8,11.1,3,973,"dojo_56",0
"1482",7.8,17,6.3,3,1316,"dojo_56",2
"1483",3.5,10.7,12.8,3,1224,"dojo_56",0
"1484",5,11.8,14.1,3,1684,"dojo_56",1
"1485",4.9,14.3,13.2,3,1014,"dojo_56",1
"1486",2.6,12.1,12.7,3,960,"dojo_56",1
"1487",4.9,11.1,11.4,3,1226,"dojo_56",1
"1488",5.7,13.3,8.4,3,1511,"dojo_56",1
"1489",6.6,12.7,13.8,3,1242,"dojo_56",1
"1490",5.6,9.2,13.2,3,1351,"dojo_56",1
"1491",2.3,9.5,3,3,1355,"dojo_56",0
"1492",4.2,15.1,9.2,3,1180,"dojo_56",1
"1493",4.3,10.2,17.2,3,1002,"dojo_56",0
"1494",0.6,7.2,13.8,3,1064,"dojo_56",0
"1495",7.6,14.9,16.7,3,1244,"dojo_56",1
"1496",4.4,11.5,12.9,3,1179,"dojo_56",1
"1497",3.5,10.8,12.7,3,1025,"dojo_56",0
"1498",5.7,15,9.3,3,1064,"dojo_56",1
"1499",7.3,14.3,14.9,3,1435,"dojo_56",1
"1500",3.8,10.4,9.2,3,1027,"dojo_56",0
"1501",7.4,16.9,12.1,3,1380,"dojo_56",2
"1502",4.6,13.3,11.6,3,1096,"dojo_56",1
"1503",3.9,13.7,11.8,3,899,"dojo_56",1
"1504",2.7,9,8.7,12,1222,"dojo_57",0
"1505",3.3,8.7,11.5,12,1106,"dojo_57",0
"1506",3.9,10.7,9.9,12,1232,"dojo_57",2
"1507",6.4,13.1,12.8,12,1394,"dojo_57",1
"1508",3.5,10.1,15.8,12,1201,"dojo_57",1
"1509",4,11.3,11.2,12,1533,"dojo_57",1
"1510",2.2,10.4,10.7,12,1269,"dojo_57",0
"1511",3.5,12.9,10.6,12,1444,"dojo_57",1
"1512",3,15.7,9.2,12,1402,"dojo_57",1
"1513",4.1,13.7,4.8,12,1279,"dojo_57",1
"1514",1.8,7.5,13.4,12,1191,"dojo_57",0
"1515",4.5,10.1,16.1,12,1114,"dojo_57",1
"1516",0,9.5,12,12,1659,"dojo_57",0
"1517",5.1,13.5,13,12,1155,"dojo_57",2
"1518",2.5,8.1,12,12,1182,"dojo_57",1
"1519",1.9,7.7,14.5,12,1170,"dojo_57",0
"1520",3,14,6.4,12,1090,"dojo_57",1
"1521",4.1,16.4,10.7,12,1533,"dojo_57",3
"1522",3.5,11.8,12.6,12,1355,"dojo_57",1
"1523",1.6,6.7,12.1,12,1158,"dojo_57",1
"1524",2.4,12.5,8.6,12,1060,"dojo_57",0
"1525",6.2,16.1,13.4,12,1116,"dojo_57",1
"1526",5.8,15.1,10.9,12,1235,"dojo_57",1
"1527",2.4,11.3,10.9,12,1056,"dojo_57",0
"1528",2,12.8,8.9,12,1412,"dojo_57",1
"1529",3.4,14.3,10.8,12,1585,"dojo_57",3
"1530",4.9,12.1,14.3,12,750,"dojo_57",1
"1531",5,12.4,18.2,12,1262,"dojo_57",1
"1532",2.5,9.6,10.6,12,1289,"dojo_57",0
"1533",2,9.5,14.4,12,1184,"dojo_57",0
"1534",4.7,12.1,14.1,12,1324,"dojo_57",1
"1535",2.6,10.9,14.7,12,1361,"dojo_57",1
"1536",5.8,9.1,10.2,0,1449,"dojo_58",1
"1537",5.3,13.6,6.4,0,1057,"dojo_58",1
"1538",4.8,14,9.3,0,1210,"dojo_58",1
"1539",6.4,10.3,14.1,0,1261,"dojo_58",2
"1540",7.9,11.9,11,0,1406,"dojo_58",1
"1541",4.6,11.8,17.5,0,988,"dojo_58",0
"1542",4,3.9,11.7,0,1362,"dojo_58",1
"1543",8.3,15.5,14.9,0,1085,"dojo_58",1
"1544",5.7,11.1,13.8,0,1327,"dojo_58",1
"1545",7.9,12.2,12.2,0,1466,"dojo_58",1
"1546",10,15.6,12.4,0,1448,"dojo_58",2
"1547",7.9,10.1,14.7,0,1307,"dojo_58",1
"1548",5.8,8.2,15.6,0,1295,"dojo_58",2
"1549",7.7,10.5,11.6,0,1370,"dojo_58",1
"1550",4,10.5,13.6,0,1259,"dojo_58",0
"1551",3.5,11.4,11.9,0,1062,"dojo_58",0
"1552",7.1,11.1,13.9,0,1278,"dojo_58",1
"1553",8.1,13.8,18,0,1331,"dojo_58",2
"1554",4.3,8.4,9.8,0,1231,"dojo_58",0
"1555",4.3,11.4,15.7,4,1419,"dojo_59",1
"1556",4.9,13.3,7.1,4,1004,"dojo_59",1
"1557",7.2,13.5,11,4,1286,"dojo_59",1
"1558",4.1,7.6,10.7,4,1241,"dojo_59",1
"1559",0.6,8.7,8.9,4,1529,"dojo_59",0
"1560",8.8,18.6,14,4,1384,"dojo_59",3
"1561",6.7,12.7,10.9,4,1159,"dojo_59",1
"1562",6.3,13.2,11.7,4,1242,"dojo_59",1
"1563",5.5,12.6,9.3,4,1108,"dojo_59",1
"1564",4.3,12,18.6,4,1399,"dojo_59",3
"1565",5.1,11.5,19.6,4,1303,"dojo_59",1
"1566",6,10.9,8.4,4,1079,"dojo_59",1
"1567",4.6,5.6,10.3,4,1058,"dojo_59",0
"1568",3.6,7.2,12.3,4,1281,"dojo_59",0
"1569",3.8,10.7,18.8,4,1418,"dojo_59",0
"1570",8.3,16.6,11.6,4,1116,"dojo_59",2
"1571",4.6,7,19.4,4,980,"dojo_59",0
"1572",6.6,13.9,13,4,1121,"dojo_59",1
"1573",5.8,14.8,18,4,1416,"dojo_59",2
"1574",7.3,13.3,13.2,4,957,"dojo_59",1
"1575",8.4,11.8,14,4,1154,"dojo_59",1
"1576",5.8,11.3,6.2,4,1247,"dojo_59",1
"1577",6.3,14.5,10.9,4,1201,"dojo_59",2
"1578",5.7,8.9,13.8,11,1471,"dojo_60",1
"1579",2.7,11,12.3,11,890,"dojo_60",0
"1580",6.4,21.8,13.6,11,1010,"dojo_60",2
"1581",3.7,13.9,13.6,11,1360,"dojo_60",1
"1582",4.2,14.1,10,11,1231,"dojo_60",1
"1583",2.7,7.7,14.1,11,1136,"dojo_60",0
"1584",3.2,10.4,16.3,11,920,"dojo_60",0
"1585",5.9,10.9,15.5,11,1011,"dojo_60",2
"1586",4.4,8.8,13.5,11,983,"dojo_60",0
"1587",5.6,12.6,12.7,11,1075,"dojo_60",1
"1588",4.6,9.2,13.2,11,1182,"dojo_60",2
"1589",5.7,9,19.3,11,999,"dojo_60",1
"1590",5,12.6,10.7,11,953,"dojo_60",1
"1591",5.8,15.3,12.3,11,1137,"dojo_60",1
"1592",4.9,14.4,11.9,11,1293,"dojo_60",2
"1593",5.9,14.3,13.1,11,1150,"dojo_60",1
"1594",5,12.1,12.9,11,1144,"dojo_60",2
"1595",3.1,10.9,7.2,11,1389,"dojo_60",1
"1596",4.7,14.3,10,11,1038,"dojo_60",1
"1597",4.4,12.8,12.7,11,1098,"dojo_60",1
"1598",3.4,11.2,11.7,11,1161,"dojo_60",1
"1599",4,14.4,11.9,11,973,"dojo_60",2
"1600",1.1,8.6,10.7,11,1379,"dojo_60",0
"1601",2.5,17.3,5.9,11,1154,"dojo_60",2
"1602",5.1,11.6,12.4,11,1317,"dojo_60",1
"1603",3,11.1,12.6,11,1344,"dojo_60",1
"1604",4.8,13.4,9.9,11,1157,"dojo_60",2
"1605",5.3,14.3,10.3,11,718,"dojo_60",1
"1606",5.7,15.2,11.1,11,1272,"dojo_60",1
"1607",3.6,8.5,11.3,11,1337,"dojo_60",1
"1608",2.1,6.6,8.9,11,876,"dojo_60",0
"1609",4.8,11.5,18.4,11,1592,"dojo_60",2
"1610",7.6,14.7,17.3,11,1042,"dojo_60",1
"1611",3.7,10.2,10.4,11,1281,"dojo_60",1
"1612",2.2,11.9,7.2,11,971,"dojo_60",0
"1613",4.3,13.4,8.6,11,898,"dojo_60",1
"1614",5.7,15.9,13.3,11,946,"dojo_60",2
"1615",4.5,13.2,7.9,11,1559,"dojo_60",2
"1616",4.9,11.1,10.7,11,882,"dojo_60",1
"1617",1.7,5.1,7.8,11,1457,"dojo_60",0
"1618",5.7,11.6,15.2,6,969,"dojo_61",2
"1619",9.2,15.2,11.9,6,1387,"dojo_61",3
"1620",8.1,12.9,14,6,1419,"dojo_61",2
"1621",6,10.7,13.4,6,1428,"dojo_61",2
"1622",7.5,16.9,11.1,6,1237,"dojo_61",2
"1623",3.7,8.4,10,6,1286,"dojo_61",0
"1624",6.4,11.8,16.2,-1,969,"dojo_62",1
"1625",5.7,6.3,9.3,-1,1218,"dojo_62",2
"1626",5.8,9.6,12.5,-1,1186,"dojo_62",2
"1627",4.4,10.5,11.1,-1,1391,"dojo_62",1
"1628",7.5,13.4,6.2,-1,1181,"dojo_62",1
"1629",4.8,7,12.1,-1,1156,"dojo_62",0
"1630",5.5,11.5,14.6,-1,1284,"dojo_62",1
"1631",7.7,17.3,11.5,-1,1138,"dojo_62",1
"1632",6.6,9,9.9,-1,1201,"dojo_62",2
"1633",4.1,10.1,7.6,-1,1109,"dojo_62",1
"1634",7.4,14.3,10.5,-1,967,"dojo_62",1
"1635",5.6,10.2,17,-1,906,"dojo_62",0
"1636",7.4,12.3,7.9,-1,1162,"dojo_62",1
"1637",8.1,16.6,12.8,-1,1099,"dojo_62",1
"1638",5.8,10.5,11,-1,1136,"dojo_62",1
"1639",6.3,12.9,10.1,-1,1242,"dojo_62",1
"1640",8.7,14.7,2.7,-1,1062,"dojo_62",3
"1641",7,9.9,9.9,-1,1032,"dojo_62",1
"1642",7.6,14.1,10.7,-1,1397,"dojo_62",1
"1643",7.4,9.6,11.6,-1,1145,"dojo_62",1
"1644",9.1,15.8,12.4,-1,1218,"dojo_62",2
"1645",8,13.4,12.1,-1,1014,"dojo_62",2
"1646",5.4,7.2,11.2,-1,1288,"dojo_62",1
"1647",5.1,9.5,12.4,-1,1083,"dojo_62",0
"1648",5.8,11.3,10.2,-1,951,"dojo_62",1
"1649",4.5,9.6,14,-1,851,"dojo_62",1
"1650",5.6,8.3,9.8,-1,972,"dojo_62",0
"1651",2.6,8.1,17.5,-1,1007,"dojo_62",1
"1652",6.6,13.2,13.5,-1,1200,"dojo_62",1
"1653",7,17.6,11.1,5,1425,"dojo_63",2
"1654",3.5,11.4,14.2,5,1400,"dojo_63",1
"1655",8.6,15.3,12,5,1005,"dojo_63",3
"1656",6.3,12.8,13.1,5,1002,"dojo_63",1
"1657",5.1,13.4,12.3,5,1112,"dojo_63",1
"1658",6.7,17.9,10.9,5,983,"dojo_63",1
"1659",2.6,13.1,13.7,5,1628,"dojo_63",1
"1660",4.4,14.3,12.1,5,1079,"dojo_63",1
"1661",6,13.3,7.3,5,1126,"dojo_63",1
"1662",8.1,15.5,12.2,5,1049,"dojo_63",2
"1663",3.2,11,10.6,5,1390,"dojo_63",1
"1664",5.6,10,13.4,5,1026,"dojo_63",1
"1665",3.4,9.7,16.2,5,1154,"dojo_63",0
"1666",8.4,14.9,15.7,5,1249,"dojo_63",2
"1667",3.2,11.8,15,5,1426,"dojo_63",0
"1668",4,13.8,12.1,5,1251,"dojo_63",1
"1669",4.7,15.3,11.9,5,1330,"dojo_63",2
"1670",4.4,13.6,16,5,1261,"dojo_63",1
"1671",5.2,11,14,5,1264,"dojo_63",1
"1672",6.9,14.3,10,5,1043,"dojo_63",1
"1673",3.2,11.5,12.5,5,1487,"dojo_63",1
"1674",5.1,12.4,12,5,1011,"dojo_63",1
"1675",6.4,11.2,9.6,10,1491,"dojo_64",1
"1676",5.6,11.6,12.6,10,1175,"dojo_64",1
"1677",4.9,12.9,10.7,10,1020,"dojo_64",1
"1678",7,10.2,6.9,10,1319,"dojo_64",1
"1679",4.3,9.4,10.3,10,1210,"dojo_64",1
"1680",8.4,11.1,17.7,10,1413,"dojo_64",4
"1681",8.2,15.4,12.8,10,1303,"dojo_64",2
"1682",3.1,10.4,12.4,10,1017,"dojo_64",0
"1683",4.7,8.4,12.1,10,1181,"dojo_64",1
"1684",4.1,11,12.3,10,1302,"dojo_64",1
"1685",5.3,13.2,14.8,10,1152,"dojo_64",1
"1686",3.5,7.6,12.3,10,1173,"dojo_64",0
"1687",3.7,12.8,10.3,10,1114,"dojo_64",1
"1688",5.8,9.5,15.5,10,1157,"dojo_64",2
"1689",7.2,12.2,15.9,10,1276,"dojo_64",1
"1690",4.1,10,10.2,10,1139,"dojo_64",1
"1691",3.3,14.2,12.2,10,917,"dojo_64",0
"1692",9.2,13.6,17,10,1704,"dojo_64",2
"1693",4.8,7.8,9.6,10,1236,"dojo_64",1
"1694",6.4,11,13.4,10,1271,"dojo_64",1
"1695",7.4,16.6,12.8,10,1164,"dojo_64",3
"1696",5.8,10.9,13.2,10,976,"dojo_64",1
"1697",6.8,15.2,9,10,1145,"dojo_64",1
"1698",5,6.5,13.1,10,1768,"dojo_64",1
"1699",7.3,9.8,10.5,10,1306,"dojo_64",1
"1700",5.8,15.8,12.6,10,1041,"dojo_64",1
"1701",5.1,6.8,2.7,10,1517,"dojo_64",1
"1702",5.4,9,14.9,10,1174,"dojo_64",1
"1703",7.6,12.1,14.4,10,1265,"dojo_64",1
"1704",2.3,6.6,16.4,10,1018,"dojo_64",1
"1705",6.6,12.3,9.5,10,1190,"dojo_64",1
"1706",1.7,6.8,12.9,10,1143,"dojo_64",0
"1707",4.8,12.2,6.6,10,1256,"dojo_64",1
"1708",3.5,11.2,15.3,5,991,"dojo_65",0
"1709",4.5,13.8,8.2,5,1113,"dojo_65",3
"1710",4.1,5.8,10.6,5,1288,"dojo_65",0
"1711",3.6,10.3,16,5,1128,"dojo_65",0
"1712",5.6,12.1,16.7,5,1277,"dojo_65",1
"1713",5.4,14.9,12.7,5,1046,"dojo_65",1
"1714",4.8,8.3,12,5,1389,"dojo_65",1
"1715",7.4,11.1,13.9,5,1460,"dojo_65",1
"1716",3.5,9.8,16.9,5,1551,"dojo_65",1
"1717",3.7,10,18.6,5,1159,"dojo_65",0
"1718",5.3,14.6,9.7,5,1182,"dojo_65",2
"1719",6.2,13.4,8.6,5,1411,"dojo_65",1
"1720",6,16.6,11.4,5,885,"dojo_65",1
"1721",4.9,7.6,13,5,1552,"dojo_65",1
"1722",6.8,13.6,12.5,5,1231,"dojo_65",1
"1723",4.5,11.7,3.8,5,1370,"dojo_65",1
"1724",5.2,10.8,13.5,5,1363,"dojo_65",1
"1725",2.1,10.5,9.5,5,1190,"dojo_65",0
"1726",9.5,17.8,11,5,1514,"dojo_65",3
"1727",6,10.6,14.1,5,852,"dojo_65",1
"1728",6.6,12.4,9.6,5,1126,"dojo_65",1
"1729",6.7,13,11.1,5,1318,"dojo_65",1
"1730",4.7,12.3,14.4,5,1573,"dojo_65",1
"1731",6.3,15.5,12.2,5,1245,"dojo_65",1
"1732",5.7,11.8,14.3,5,1144,"dojo_65",2
"1733",5.3,13.4,13.3,5,1322,"dojo_65",1
"1734",4.1,10.8,13.5,5,1147,"dojo_65",1
"1735",4,9.9,14.7,5,1342,"dojo_65",0
"1736",5.9,15,10.3,5,1543,"dojo_65",1
"1737",5.4,13,15.5,5,1126,"dojo_65",1
"1738",7.8,15.6,19.1,5,1139,"dojo_65",1
"1739",5.4,12.2,16.1,5,1074,"dojo_65",1
"1740",7.1,13.8,8.9,5,1365,"dojo_65",2
"1741",3.6,9.9,12.8,3,1296,"dojo_66",0
"1742",2.9,6.7,10.7,3,1096,"dojo_66",0
"1743",6.8,12.1,15,3,1138,"dojo_66",1
"1744",5.1,13.2,12,3,1227,"dojo_66",1
"1745",5.7,13,14.1,3,1207,"dojo_66",1
"1746",3.8,11,9.4,3,1236,"dojo_66",0
"1747",4.6,8.5,11.4,3,1392,"dojo_66",1
"1748",3.4,9.6,10.8,3,1208,"dojo_66",0
"1749",5.4,13.8,13.7,3,1197,"dojo_66",1
"1750",3,7.3,10.2,3,1293,"dojo_66",0
"1751",4.8,8.3,10.7,3,1375,"dojo_66",1
"1752",7.9,16,13.8,6,1253,"dojo_67",2
"1753",2.9,7.9,10.1,6,1366,"dojo_67",0
"1754",8.2,14.3,15,6,1489,"dojo_67",4
"1755",5.5,10.2,7.9,6,1024,"dojo_67",1
"1756",4.6,11.9,12.4,6,1129,"dojo_67",1
"1757",5,13.7,6,6,1078,"dojo_67",1
"1758",3.4,4,12.4,6,1530,"dojo_67",0
"1759",5.2,10.9,14.7,6,1110,"dojo_67",1
"1760",5.4,12.7,9.1,6,1385,"dojo_67",1
"1761",6.7,15.5,14.1,6,1242,"dojo_67",1
"1762",4,8.4,14.4,6,1100,"dojo_67",0
"1763",5.2,13.3,11.4,6,1289,"dojo_67",1
"1764",5.3,11.9,13.4,6,1257,"dojo_67",2
"1765",5.4,10.2,9.9,6,1572,"dojo_67",1
"1766",8.1,16.9,10.1,6,1570,"dojo_67",2
"1767",5.8,17.2,7.7,6,996,"dojo_67",1
"1768",6,14,13.5,6,1346,"dojo_67",1
"1769",5.2,12.3,8.2,6,1403,"dojo_67",1
"1770",6.2,13.6,9.5,6,1282,"dojo_67",2
"1771",5.3,13.7,18.2,6,1165,"dojo_67",2
"1772",5.1,14.2,9.2,6,1141,"dojo_67",1
"1773",7.2,14.9,14.6,6,1310,"dojo_67",2
"1774",4.2,11.6,14.3,6,1345,"dojo_67",1
"1775",5.3,12,9.1,6,1118,"dojo_68",1
"1776",3.5,9.4,12.5,6,1048,"dojo_68",1
"1777",5.7,16.7,11.3,6,1127,"dojo_68",1
"1778",2,9.5,16.6,6,1174,"dojo_68",0
"1779",1.2,8.5,13.3,6,1343,"dojo_68",0
"1780",6.3,14.3,11.3,6,1344,"dojo_68",1
"1781",7.4,14.5,12.3,6,1144,"dojo_68",2
"1782",2.5,10.5,6.8,6,1031,"dojo_68",0
"1783",7.3,16.2,17,6,876,"dojo_68",1
"1784",5,12.2,14.1,6,1109,"dojo_68",2
"1785",4.3,11.5,9.7,6,1246,"dojo_68",1
"1786",5.4,15.5,6.2,6,1251,"dojo_68",1
"1787",5.4,7.8,8.2,6,1383,"dojo_68",2
"1788",5,11.9,12.9,6,1083,"dojo_68",1
"1789",2.2,9,13.3,6,1305,"dojo_68",0
"1790",4.5,11.5,9.6,6,1237,"dojo_68",1
"1791",4.6,10.5,11.1,6,887,"dojo_68",1
"1792",2.8,13,12.1,6,1187,"dojo_68",0
"1793",7.1,16.4,14.9,6,1043,"dojo_68",2
"1794",2.7,7.7,13.1,6,1091,"dojo_68",0
"1795",2.9,12.7,12.6,6,1268,"dojo_68",0
"1796",4.6,10,13.2,6,1010,"dojo_68",0
"1797",4.2,8.3,10.4,6,1464,"dojo_68",3
"1798",5.9,15.9,13.9,6,1365,"dojo_68",1
"1799",4.5,10.2,12.3,6,1180,"dojo_68",1
"1800",4.5,11.5,11.4,6,1228,"dojo_68",1
"1801",4.6,11.8,16.1,6,1477,"dojo_68",2
"1802",4.8,12.9,11.1,6,1151,"dojo_68",1
"1803",5.4,9.9,11.2,6,1114,"dojo_68",1
"1804",4.3,9.9,9,6,1206,"dojo_69",3
"1805",5.6,17.8,11.1,6,940,"dojo_69",1
"1806",6.1,13,16.2,6,1084,"dojo_69",1
"1807",5.2,10.3,16.4,6,1171,"dojo_69",2
"1808",5.9,11.3,6.5,6,1238,"dojo_69",1
"1809",5.5,7.8,12.9,6,1298,"dojo_69",2
"1810",3.7,12,5.5,6,935,"dojo_69",0
"1811",6.9,11.8,16.4,6,1643,"dojo_69",2
"1812",6.8,12,17.9,6,1412,"dojo_69",1
"1813",5.4,14.6,14.3,6,1219,"dojo_69",1
"1814",4.9,11.6,11.9,6,1222,"dojo_69",1
"1815",6.1,10.1,14.5,6,1318,"dojo_69",1
"1816",4.6,14.8,12.5,6,1171,"dojo_69",1
"1817",3.5,13.5,8,6,1389,"dojo_69",1
"1818",3.2,11.3,12.4,6,840,"dojo_69",0
"1819",5.1,6.2,14.5,6,1061,"dojo_69",0
"1820",4.6,14.2,10.9,6,1423,"dojo_69",1
"1821",5.5,14,10.4,6,1324,"dojo_69",2
"1822",3.7,12.9,10.1,6,1063,"dojo_69",1
"1823",4.5,13.9,6.9,6,1104,"dojo_69",1
"1824",6.5,16.2,13.6,6,1126,"dojo_69",1
"1825",3.7,12.2,10.3,6,1251,"dojo_69",1
"1826",3.2,13.7,10.1,6,951,"dojo_69",0
"1827",4.9,12.1,13.7,6,1395,"dojo_69",1
"1828",3.4,14.5,9.2,6,1096,"dojo_69",1
"1829",7.9,15.7,16.5,6,1456,"dojo_69",3
"1830",6.4,11.8,9.5,6,1596,"dojo_69",1
"1831",7.2,11.6,15.7,6,1393,"dojo_69",1
"1832",4.4,15.9,11.5,6,965,"dojo_69",1
"1833",6.8,16.9,16.3,6,1242,"dojo_69",1
"1834",8.6,13.2,13.4,6,1427,"dojo_69",2
"1835",8.8,16.1,10.4,10,1612,"dojo_70",2
"1836",2.1,11.3,11.4,10,1043,"dojo_70",0
"1837",2.2,15.7,6.5,10,706,"dojo_70",0
"1838",8.2,17.8,10,10,1432,"dojo_70",3
"1839",0.5,5.6,14.6,10,1140,"dojo_70",0
"1840",6.1,19.6,16.6,10,839,"dojo_70",2
"1841",2.1,10.7,16.1,10,1186,"dojo_70",0
"1842",1.1,8.5,14.1,10,1126,"dojo_70",0
"1843",4,14.8,13.4,10,963,"dojo_70",2
"1844",5.8,13.6,11.4,10,1234,"dojo_70",1
"1845",1.2,13.2,10.7,10,731,"dojo_70",0
"1846",6.1,13.7,12.5,10,1228,"dojo_70",1
"1847",2.7,13.1,15.6,10,1015,"dojo_70",0
"1848",5.3,11.9,10.1,10,1141,"dojo_70",1
"1849",2,9.5,7.4,10,1090,"dojo_70",0
"1850",5.1,14.4,14.5,10,1412,"dojo_70",1
"1851",6.1,16.6,11.7,10,1086,"dojo_70",1
"1852",4.1,12.2,12.7,10,1338,"dojo_70",1
"1853",3.1,11.6,14.9,10,1215,"dojo_70",2
"1854",5,12.2,15,10,1146,"dojo_70",2
"1855",3.5,11,9.1,10,1287,"dojo_70",2
"1856",5.9,11.4,8,10,1363,"dojo_70",2
"1857",3.9,15.4,9.7,10,1095,"dojo_70",3
"1858",5.8,11.7,11.2,10,1311,"dojo_70",1
"1859",8,16.8,15.5,10,1390,"dojo_70",2
"1860",1.2,10.5,9.7,10,1025,"dojo_70",0
"1861",0.9,11,9.8,10,1059,"dojo_70",0
"1862",0.8,10.9,12.8,10,1113,"dojo_70",0
"1863",7.1,18.2,8.5,10,1240,"dojo_70",2
"1864",4.3,10.3,11.9,10,1502,"dojo_70",1
"1865",8.8,14.1,13.5,0,1178,"dojo_71",3
"1866",6.5,13.9,12,0,1262,"dojo_71",1
"1867",8,15.4,13.2,0,1274,"dojo_71",1
"1868",7.1,10.9,18.7,0,1202,"dojo_71",1
"1869",6.8,9.3,8.6,0,848,"dojo_71",1
"1870",7.6,11.4,6.2,0,1194,"dojo_71",1
"1871",5.6,8.6,12.7,0,1007,"dojo_71",0
"1872",4.3,8,13.7,0,1088,"dojo_71",0
"1873",3.5,7.9,17.5,0,1273,"dojo_71",0
"1874",4.9,11.5,12.1,0,1365,"dojo_71",1
"1875",6.8,10.9,13.5,0,1141,"dojo_71",1
"1876",7.5,12.4,11.9,0,1022,"dojo_71",1
"1877",10.5,16.7,17.5,0,1420,"dojo_71",3
"1878",4.8,11,10.9,0,1406,"dojo_71",1
"1879",4,6.9,12.6,0,1292,"dojo_71",0
"1880",6,12,8.7,0,1177,"dojo_71",1
"1881",11,12.7,16,0,851,"dojo_71",2
"1882",10.4,15.8,11.7,0,1085,"dojo_71",3
"1883",7,10.8,16.9,0,892,"dojo_71",2
"1884",11.3,18.9,12.8,0,1328,"dojo_71",3
"1885",7.8,9.8,14,0,955,"dojo_71",1
"1886",4.3,10.5,12,0,1397,"dojo_71",2
"1887",9.3,13.6,10.3,0,830,"dojo_71",3
"1888",8.6,12.9,14.9,0,954,"dojo_71",1
"1889",3.9,5.9,13.5,0,1139,"dojo_71",0
"1890",7,13.2,9.8,0,1390,"dojo_71",1
"1891",7,19.1,2.8,0,1656,"dojo_71",2
"1892",6.3,8.4,7.6,0,1343,"dojo_71",2
"1893",8.6,15.1,10.6,0,1187,"dojo_71",2
"1894",8.3,14.1,16.9,0,1228,"dojo_71",1
"1895",7.5,14.7,10.4,0,1161,"dojo_71",1
"1896",7,10.3,13.7,0,1075,"dojo_71",2
"1897",7.1,12.9,18,0,1342,"dojo_71",3
"1898",7.4,12.5,6.3,0,1217,"dojo_71",1
"1899",5,11.3,10.2,0,1325,"dojo_71",1
"1900",6.3,11.6,13.2,0,1599,"dojo_71",1
"1901",4.8,11.7,13.1,0,1148,"dojo_71",0
"1902",9.4,15.9,15.3,4,1412,"dojo_72",2
"1903",7.1,11.4,16.7,4,1098,"dojo_72",1
"1904",7.2,17.7,7.7,4,1467,"dojo_72",2
"1905",7.6,15.4,11.9,4,1065,"dojo_72",1
"1906",6.2,14.7,12.2,4,1061,"dojo_72",1
"1907",4.1,9,11.6,4,1076,"dojo_72",0
"1908",6.4,12.4,13.1,4,1235,"dojo_72",1
"1909",7.9,15,11.3,4,1647,"dojo_72",2
"1910",5.8,15,9,4,1260,"dojo_72",1
"1911",5.5,12.6,9,4,1118,"dojo_72",1
"1912",3.6,9.4,8.5,4,1120,"dojo_72",0
"1913",5.4,15.8,13.4,4,967,"dojo_72",1
"1914",8.6,15.2,15.8,4,1586,"dojo_72",3
"1915",6.9,13.5,14.8,4,1196,"dojo_72",1
"1916",7.9,15.1,11.8,4,1288,"dojo_72",3
"1917",8.1,14.6,14.8,4,1061,"dojo_72",1
"1918",8.7,16.5,14.1,4,918,"dojo_72",2
"1919",4.5,9.4,9.6,4,1212,"dojo_72",2
"1920",4.9,14.5,11.1,4,1317,"dojo_72",2
"1921",4.7,11.7,8.3,4,1200,"dojo_72",1
"1922",5.8,11.8,15.1,4,1341,"dojo_72",1
"1923",5.2,15.3,12.6,4,1219,"dojo_72",1
"1924",5.4,13.3,6.8,4,1244,"dojo_72",1
"1925",6.1,9.5,13.4,4,1225,"dojo_72",1
"1926",4.2,8.8,10.3,4,1312,"dojo_72",1
"1927",4.9,11.3,10.9,4,1036,"dojo_72",1
"1928",4.5,10.6,11.7,4,1024,"dojo_72",0
"1929",5.7,7.7,10.9,4,1418,"dojo_72",1
"1930",5.5,10.2,12.4,4,1283,"dojo_72",2
"1931",2.5,7.2,12.4,4,1298,"dojo_73",0
"1932",5.6,11.7,10.4,4,1328,"dojo_73",1
"1933",5.7,11.1,13,4,944,"dojo_73",1
"1934",2.1,11.5,11.2,4,1152,"dojo_73",0
"1935",5.4,11.5,18.1,4,1032,"dojo_73",1
"1936",4.9,11.1,16.1,4,1055,"dojo_73",0
"1937",4.5,15.9,9.8,4,1247,"dojo_73",1
"1938",4.7,9.8,10.6,4,1315,"dojo_73",2
"1939",2.9,10.7,12.5,4,1174,"dojo_73",1
"1940",2.2,12.7,11.1,4,1234,"dojo_73",0
"1941",6.3,13.3,12.9,4,967,"dojo_73",1
"1942",5.6,14.5,9.2,4,1324,"dojo_73",2
"1943",2.9,5.3,16.7,4,1410,"dojo_73",0
"1944",4.9,15.7,15.1,4,1128,"dojo_73",1
"1945",4.9,11.8,13.2,4,842,"dojo_73",0
"1946",6.8,13.2,13.7,4,1070,"dojo_73",2
"1947",5.4,12.4,16.7,4,1360,"dojo_73",1
"1948",4.4,13.5,13.6,4,1288,"dojo_73",2
"1949",2.2,4.8,9.1,4,970,"dojo_73",0
"1950",7.2,12.7,13,4,1169,"dojo_73",1
"1951",4.2,9.3,11.4,4,914,"dojo_73",1
"1952",5.6,11.7,10.4,4,1253,"dojo_73",1
"1953",4.2,11.6,20.2,4,1118,"dojo_73",2
"1954",5,9.7,12.3,5,1031,"dojo_74",2
"1955",5.7,14.6,13.6,5,1031,"dojo_74",1
"1956",3.9,13.3,12,5,937,"dojo_74",0
"1957",5.1,12.9,10.8,5,919,"dojo_74",1
"1958",3.5,8.6,14.1,5,1284,"dojo_74",1
"1959",5.1,10,10.5,5,891,"dojo_74",0
"1960",5.5,12,10.9,5,1011,"dojo_74",1
"1961",8.8,16.7,8.5,5,1264,"dojo_74",2
"1962",5.4,14.8,14.2,5,1511,"dojo_74",2
"1963",5.3,9.3,11.1,5,1025,"dojo_74",1
"1964",2.4,9.1,13.1,5,755,"dojo_74",0
"1965",5.1,12.9,13,5,1062,"dojo_74",1
"1966",4,11.5,15.1,5,1232,"dojo_74",0
"1967",5.7,13,9.1,5,1115,"dojo_74",1
"1968",9.1,20,14.7,5,1345,"dojo_74",2
"1969",2.4,11,7.4,5,1699,"dojo_74",1
"1970",7.2,15,13.8,0,924,"dojo_75",1
"1971",5.2,12.1,13.3,0,1392,"dojo_75",1
"1972",8.6,11.1,16.3,0,1413,"dojo_75",3
"1973",5.9,15.2,17,0,942,"dojo_75",1
"1974",2.4,7.5,11.7,0,1203,"dojo_75",0
"1975",4.9,13.3,9.2,0,1187,"dojo_75",1
"1976",3.4,7.3,10.1,0,1491,"dojo_75",0
"1977",7,11.9,8.8,0,1091,"dojo_75",1
"1978",7.5,15.3,10.3,0,1209,"dojo_75",2
"1979",8.4,16,12.9,0,1148,"dojo_75",3
"1980",5.4,12.6,12.7,0,1122,"dojo_75",1
"1981",6.6,12.4,9.5,0,1446,"dojo_75",1
"1982",9.3,17.9,14.7,0,1165,"dojo_75",3
"1983",5,12.1,7.3,0,1551,"dojo_75",2
"1984",9.9,16,11.7,0,1459,"dojo_75",2
"1985",6.7,11.9,14.9,0,1229,"dojo_75",1
"1986",5.6,14.6,12.6,0,863,"dojo_75",1
"1987",2.9,9.4,9.6,0,954,"dojo_75",0
"1988",5.4,9.7,15,6,1283,"dojo_76",1
"1989",4.2,10.2,12.2,6,1027,"dojo_76",1
"1990",4.7,11.2,14.9,6,1245,"dojo_76",1
"1991",4.4,13.8,8.4,6,1510,"dojo_76",1
"1992",2.8,7.4,14.1,6,1334,"dojo_76",0
"1993",4,9.2,9.6,6,1054,"dojo_76",0
"1994",4,4.5,11.7,6,935,"dojo_76",2
"1995",6.8,13.3,11,6,1069,"dojo_76",2
"1996",3.8,14.9,11.8,6,1421,"dojo_76",1
"1997",6.3,9.4,17.2,6,1078,"dojo_76",1
"1998",5.8,10.4,14.3,6,1350,"dojo_76",1
"1999",3,3.8,14.9,6,859,"dojo_76",0
"2000",4.8,8.9,9.3,6,933,"dojo_76",0
"2001",8.2,12.6,19.4,6,1051,"dojo_76",2
"2002",4.3,16.9,7,6,1397,"dojo_76",1
"2003",3.3,8.9,13.3,6,1597,"dojo_76",1
"2004",5.4,9.5,14.2,6,996,"dojo_76",1
"2005",2.5,7.7,11.4,6,1371,"dojo_76",0
"2006",3,8.8,8.9,6,1081,"dojo_76",0
"2007",5.6,14,14.8,6,1225,"dojo_76",1
"2008",4.9,11.3,9,6,1003,"dojo_76",2
"2009",5,11.8,13.7,6,1296,"dojo_76",1
"2010",5.1,14.8,11.8,6,1626,"dojo_76",1
"2011",7.7,13.9,10.8,6,863,"dojo_76",1
"2012",3.8,13.2,10,6,1492,"dojo_76",1
"2013",3.3,8.1,13.8,6,1306,"dojo_76",1
"2014",1.3,8.6,5.3,6,971,"dojo_76",0
"2015",7.3,18.1,11.3,6,1515,"dojo_76",2
"2016",4.2,9.8,11.8,6,1532,"dojo_76",1
"2017",3,5.7,12.5,6,1124,"dojo_76",0
"2018",4.1,5.2,14.7,6,1239,"dojo_76",0
"2019",5,9.9,12.4,6,1182,"dojo_76",1
"2020",2.7,8.1,10.6,5,1257,"dojo_77",0
"2021",8.1,17.5,10,5,907,"dojo_77",2
"2022",3.6,10.5,15.7,5,1063,"dojo_77",0
"2023",7,13.8,13,5,1409,"dojo_77",1
"2024",7,16.9,11,5,1128,"dojo_77",2
"2025",4.8,9.2,12.4,5,1457,"dojo_77",1
"2026",5.3,9.5,9.6,5,1117,"dojo_77",1
"2027",4.2,10.3,14.6,5,1331,"dojo_77",1
"2028",6.7,13.2,13.7,5,1338,"dojo_77",1
"2029",7.5,14.9,10.2,5,1250,"dojo_77",1
"2030",5.7,13.1,13.5,5,1188,"dojo_77",1
"2031",3.8,10.1,7,5,1209,"dojo_77",1
"2032",3,12.9,15.4,5,1355,"dojo_77",0
"2033",4.9,12.9,10.8,5,1091,"dojo_77",1
"2034",3.9,11,14.7,5,1159,"dojo_77",0
"2035",6.2,12.6,8.8,5,1188,"dojo_77",1
"2036",4.2,10,16.7,5,1466,"dojo_77",1
"2037",7,14.5,14.5,5,1026,"dojo_77",2
"2038",8.5,14.8,10.8,5,1305,"dojo_77",2
"2039",7.2,15.3,14,5,1226,"dojo_77",1
"2040",6.8,16.2,8,5,1291,"dojo_77",1
"2041",5.5,12.3,15,5,761,"dojo_77",2
"2042",2.2,10,8.8,5,1191,"dojo_77",1
"2043",7.4,11.4,11.4,5,1149,"dojo_77",2
"2044",5.5,10,14,5,1531,"dojo_77",1
"2045",5.3,16.3,8.9,5,1076,"dojo_77",1
"2046",2.8,8.9,13.9,5,1255,"dojo_77",0
"2047",3.8,12.8,13.5,5,1084,"dojo_77",1
"2048",5.8,13.8,13.4,5,1320,"dojo_77",1
"2049",7.8,15.8,9.1,5,1285,"dojo_77",3
"2050",3.6,11.3,6.2,5,1062,"dojo_77",1
"2051",7.3,13.2,9.9,5,964,"dojo_77",2
"2052",5.9,15.6,7,5,1246,"dojo_77",1
"2053",3.4,12.1,7.7,5,854,"dojo_77",0
"2054",6.2,15.6,11.1,5,846,"dojo_77",1
"2055",4.7,10.4,9.8,5,1240,"dojo_77",1
"2056",2.2,6.6,10.6,5,1198,"dojo_77",0
"2057",3.9,13.3,12.1,8,803,"dojo_78",0
"2058",6.8,14.6,14.4,8,1275,"dojo_78",1
"2059",6.9,12,13.7,8,1216,"dojo_78",1
"2060",8.7,11.8,12.7,8,1533,"dojo_78",3
"2061",10.6,15.1,14.9,8,1359,"dojo_78",3
"2062",7.5,12.6,11.2,8,1315,"dojo_78",1
"2063",4.7,13,10.7,8,1024,"dojo_78",1
"2064",2.2,5.6,13.5,8,1179,"dojo_78",0
"2065",9.5,16.7,7.9,8,1225,"dojo_78",2
"2066",7.1,14.8,5.2,8,986,"dojo_78",1
"2067",5.8,14.1,15.7,8,1228,"dojo_78",3
"2068",4.1,9.1,10.7,8,990,"dojo_78",0
"2069",4.8,13.9,3,8,807,"dojo_78",1
"2070",5,12.3,11.2,8,926,"dojo_78",2
"2071",7.5,11.2,16.6,8,1385,"dojo_78",1
"2072",7.2,12,10.6,8,1384,"dojo_78",1
"2073",8.5,14.4,11.2,8,1317,"dojo_78",3
"2074",7.3,15.7,11,8,1115,"dojo_78",1
"2075",3.3,10.4,11.1,8,609,"dojo_78",0
"2076",7.3,11.6,12.7,8,1167,"dojo_78",1
"2077",4.1,10.8,13.5,8,957,"dojo_78",0
"2078",6.9,11.6,10.6,8,1180,"dojo_78",1
"2079",7,16.7,12.3,8,1002,"dojo_78",2
"2080",1.3,8.2,12.4,8,808,"dojo_78",0
"2081",1.7,11.4,11.6,8,1422,"dojo_79",0
"2082",5.7,13.5,8.7,8,1064,"dojo_79",1
"2083",6.6,14.2,16,8,1121,"dojo_79",1
"2084",5.4,15.3,13.3,8,1183,"dojo_79",1
"2085",6.5,12.4,15,8,906,"dojo_79",1
"2086",5.4,12.8,15.6,8,1255,"dojo_79",1
"2087",3.5,9.5,9.6,8,1008,"dojo_79",0
"2088",5,13.5,8.2,8,1324,"dojo_79",1
"2089",6.7,15,17.3,8,1263,"dojo_79",1
"2090",1.1,7.9,11.6,8,1369,"dojo_79",0
"2091",6.1,15.1,15.7,8,1183,"dojo_79",1
"2092",1.7,9.9,8.2,8,1198,"dojo_79",0
"2093",2.8,7.1,15,8,637,"dojo_79",0
"2094",4.1,15.3,8.2,8,1275,"dojo_79",1
"2095",4.5,11.5,15.4,8,1467,"dojo_79",1
"2096",2.8,6.3,8.2,8,945,"dojo_79",0
"2097",2.2,11.1,13.8,8,1579,"dojo_79",2
"2098",1.7,11.2,11.4,8,1107,"dojo_79",0
"2099",3.3,9,13.2,8,1515,"dojo_79",1
"2100",2.9,8.9,15.2,8,1501,"dojo_79",0
"2101",7.4,16.2,18.2,8,1149,"dojo_79",1
"2102",0.2,7.4,12.1,8,1405,"dojo_79",0
"2103",2.6,9.7,13.8,8,1135,"dojo_79",0
"2104",5.6,13.3,10.9,8,1194,"dojo_79",1
"2105",3.4,12.2,14.2,8,1267,"dojo_79",1
"2106",1.7,9.2,15.2,8,1371,"dojo_79",0
"2107",6.3,13.6,14.7,8,885,"dojo_79",1
"2108",3.2,10.8,7.8,8,1100,"dojo_79",0
"2109",8.4,19.2,14.3,8,1168,"dojo_79",2
"2110",4.7,13,11.1,8,971,"dojo_79",1
"2111",6.5,13.8,15,8,1281,"dojo_79",1
"2112",1.3,6.9,14.3,8,1142,"dojo_79",0
"2113",7.1,13.7,11.7,5,1060,"dojo_80",1
"2114",7.8,8.6,13.4,5,623,"dojo_80",2
"2115",7.4,15.5,17.8,5,1021,"dojo_80",2
"2116",6.6,10.1,8.9,5,1099,"dojo_80",1
"2117",6.2,16.3,12.2,5,1204,"dojo_80",1
"2118",11,12.5,8.3,5,770,"dojo_80",2
"2119",0.8,7.4,10.9,5,1399,"dojo_80",0
"2120",1.9,9.5,10.9,5,1381,"dojo_80",0
"2121",6.3,14.9,11.4,5,1266,"dojo_80",1
"2122",4.7,12.1,13.5,5,1404,"dojo_80",2
"2123",6.5,15.2,15.1,5,1070,"dojo_80",1
"2124",2.4,10.5,16.5,5,1500,"dojo_80",0
"2125",6.3,12.5,9.2,3,870,"dojo_81",1
"2126",2.4,6.1,16.3,3,1081,"dojo_81",1
"2127",7.2,17.5,14.9,3,1232,"dojo_81",1
"2128",4.8,11,12.6,3,1105,"dojo_81",1
"2129",7.1,15.8,15.9,3,1131,"dojo_81",1
"2130",6.9,11,18.1,3,1111,"dojo_81",1
"2131",5.2,13.3,7.4,3,805,"dojo_81",1
"2132",7.3,13.3,16.8,3,1052,"dojo_81",1
"2133",2.3,6.3,9.7,3,1123,"dojo_81",3
"2134",4.6,14,5.3,3,1361,"dojo_81",1
"2135",2.8,7.2,13.9,3,1056,"dojo_81",0
"2136",2.8,7.8,6.3,3,1432,"dojo_81",0
"2137",5.9,12.2,11.2,3,1061,"dojo_81",1
"2138",4.4,9.7,14.5,3,1291,"dojo_81",1
"2139",5.1,5.8,15.7,3,1345,"dojo_81",0
"2140",4.7,10.9,13.9,3,1276,"dojo_81",1
"2141",7.5,12,11.6,3,1117,"dojo_81",1
"2142",4.4,9.3,13,3,1501,"dojo_81",1
"2143",5.4,9.7,13.9,3,989,"dojo_81",0
"2144",4.7,9.1,14.3,3,1235,"dojo_81",1
"2145",4.6,10.7,9.8,3,1074,"dojo_81",0
"2146",2.7,8.3,9.9,3,1402,"dojo_81",0
"2147",3.6,9.9,18.4,3,1420,"dojo_81",0
"2148",3.8,8.4,13.7,3,1378,"dojo_81",0
"2149",4.8,11.5,9.3,3,1210,"dojo_81",1
"2150",4.5,11.5,11.4,3,1100,"dojo_81",0
"2151",4.9,12.5,10.1,3,1237,"dojo_81",2
"2152",7,12.9,11.9,3,1438,"dojo_81",1
"2153",7.3,13,14.1,3,1129,"dojo_81",1
"2154",4.5,10.4,13.1,3,1414,"dojo_81",2
"2155",5.3,11.1,12.4,3,1161,"dojo_81",2
"2156",5.3,14.6,12.5,3,1096,"dojo_81",1
"2157",5.2,13.9,11.5,3,1554,"dojo_81",1
"2158",4,13,13.6,3,1601,"dojo_81",2
"2159",6.8,14.7,13.2,3,1352,"dojo_81",1
"2160",7,14.1,10.2,3,1118,"dojo_81",2
"2161",7.5,14.6,13.1,3,1430,"dojo_81",1
"2162",2.9,11.2,6.5,3,1250,"dojo_81",0
"2163",5.3,9.1,13.6,3,1385,"dojo_81",1
"2164",6.9,14.5,12.5,3,1205,"dojo_81",1
"2165",4,11.1,13.1,3,1279,"dojo_81",0
"2166",5.3,9.4,14.8,3,1600,"dojo_81",1
"2167",3.4,10.4,8.9,12,1166,"dojo_82",2
"2168",2.5,12.2,12.8,12,1502,"dojo_82",1
"2169",3.3,8.5,7.2,12,1470,"dojo_82",1
"2170",2.9,8,18.7,12,1078,"dojo_82",2
"2171",4.6,13.5,9.7,12,1103,"dojo_82",1
"2172",6.6,8.5,16.9,12,1244,"dojo_82",1
"2173",5.7,12.3,13.9,12,1287,"dojo_82",1
"2174",4.2,13.1,8.1,12,1711,"dojo_82",1
"2175",3.7,9,10.1,12,1637,"dojo_82",1
"2176",2.6,7.6,8.6,12,1131,"dojo_82",0
"2177",5.1,12.5,13,12,1257,"dojo_82",2
"2178",4.9,13.1,10.2,12,1328,"dojo_82",1
"2179",5.2,9.9,9.7,12,967,"dojo_82",1
"2180",6.7,13.8,12.8,12,1455,"dojo_82",2
"2181",5.1,11.4,8.4,12,912,"dojo_82",1
"2182",4.5,12.9,14.4,12,1231,"dojo_82",2
"2183",4.7,10.5,15,12,1116,"dojo_82",2
"2184",5.3,7.4,13.3,12,1387,"dojo_82",3
"2185",8.6,13.2,11.3,6,885,"dojo_83",2
"2186",8.7,15.2,16.3,6,1183,"dojo_83",2
"2187",6,13.9,13.9,6,1712,"dojo_83",2
"2188",8.5,11,17.7,6,969,"dojo_83",2
"2189",8.9,12.1,16.1,6,1062,"dojo_83",2
"2190",5.6,15.4,8.5,6,1179,"dojo_83",1
"2191",10.4,17.5,15.8,6,1146,"dojo_83",2
"2192",7.1,11.8,11.8,6,1352,"dojo_83",1
"2193",8.5,14.2,11.9,6,895,"dojo_83",2
"2194",4.5,11.6,8.9,6,1389,"dojo_83",1
"2195",5.8,10.9,11.5,6,984,"dojo_83",2
"2196",4.4,8,12,6,1251,"dojo_83",1
"2197",7.3,15.6,13.7,6,927,"dojo_83",1
"2198",5.2,11.8,9.6,6,1156,"dojo_83",2
"2199",6.9,12.2,15.1,6,1239,"dojo_83",1
"2200",6.8,10.2,10.1,6,1346,"dojo_83",1
"2201",5.2,5.6,7.9,6,1054,"dojo_83",2
"2202",5.5,10,10.1,6,1099,"dojo_83",1
"2203",7.5,11.4,11.6,6,816,"dojo_83",1
"2204",8.7,14.1,12.5,6,1104,"dojo_83",2
"2205",7.5,14.2,13,6,1669,"dojo_83",2
"2206",4.6,9.1,13.6,6,1368,"dojo_83",2
"2207",10.5,15.7,14.5,6,1069,"dojo_83",2
"2208",5,9.1,6.5,6,948,"dojo_83",1
"2209",6.9,15.3,12.5,6,1204,"dojo_83",1
"2210",4.2,8.8,12.3,6,1244,"dojo_83",0
"2211",7.8,14.8,12.9,6,1248,"dojo_83",2
"2212",4.6,6.8,14.5,6,1591,"dojo_84",1
"2213",2.9,6.6,12.4,6,1331,"dojo_84",0
"2214",4.5,8.8,12.5,6,1294,"dojo_84",1
"2215",5.2,11,9.8,6,1774,"dojo_84",1
"2216",5.7,12.6,6.9,6,1333,"dojo_84",1
"2217",3.7,7.9,13.5,6,1164,"dojo_84",1
"2218",3.8,9.8,7.2,6,1193,"dojo_84",1
"2219",3.1,10.7,12.6,6,1253,"dojo_84",0
"2220",2.5,6,16.1,6,1067,"dojo_84",0
"2221",3,8.3,15.6,6,1352,"dojo_84",0
"2222",3.4,10.2,11.7,6,966,"dojo_84",0
"2223",1.3,6.1,12.2,6,1003,"dojo_84",0
"2224",5.8,8.2,10.1,6,1191,"dojo_84",1
"2225",4.4,13.5,8.2,6,1155,"dojo_84",1
"2226",2.5,9.8,10.6,6,752,"dojo_84",1
"2227",6.4,16.8,15,6,1161,"dojo_84",1
"2228",4.9,9.1,8,6,1329,"dojo_84",1
"2229",6.7,12.8,13.5,6,1411,"dojo_84",1
"2230",3.8,11.9,7.2,6,1313,"dojo_84",1
"2231",6.7,14.2,12.9,6,1508,"dojo_84",1
"2232",4.9,15.5,13.4,6,1352,"dojo_84",1
"2233",5.2,13.4,12.9,6,1320,"dojo_84",1
"2234",3.7,11.9,10.3,6,1213,"dojo_84",1
"2235",3.5,8.6,11.2,6,1188,"dojo_84",0
"2236",5.1,5.4,9.3,6,1475,"dojo_84",1
"2237",4.7,12.5,10.2,6,1322,"dojo_84",1
"2238",4.9,13,13.2,6,1201,"dojo_84",1
"2239",4.3,9.5,13.5,6,1284,"dojo_84",1
"2240",7,17.9,15.5,6,1215,"dojo_84",2
"2241",3.9,9.3,11.4,6,1509,"dojo_84",1
"2242",6.7,11.3,13.5,6,1294,"dojo_84",1
"2243",5.3,17.9,14.6,6,1247,"dojo_84",1
"2244",3.3,8.7,9.2,6,1370,"dojo_84",0
"2245",4.9,9.2,8.8,6,1285,"dojo_84",1
"2246",6.3,12.9,17.6,6,1484,"dojo_84",2
"2247",5.6,11.5,15.7,6,1225,"dojo_84",1
"2248",3.5,9.3,12.8,6,988,"dojo_84",0
"2249",5.3,8.2,13,6,1514,"dojo_84",1
"2250",5.7,20,10.6,6,1084,"dojo_84",1
"2251",5,16.2,10,0,1416,"dojo_85",1
"2252",6.4,11.4,10.4,0,986,"dojo_85",1
"2253",4.9,16.2,1.8,0,1128,"dojo_85",2
"2254",6.2,14,10.1,0,920,"dojo_85",1
"2255",6.5,10.2,12.7,0,1451,"dojo_85",1
"2256",5.5,7.8,11.4,0,1542,"dojo_85",1
"2257",8.9,14.3,12.3,0,929,"dojo_85",1
"2258",8.5,15.8,9.7,0,1152,"dojo_85",2
"2259",5.1,8.9,16.7,0,1472,"dojo_85",1
"2260",6.1,9.4,10.2,0,1393,"dojo_85",1
"2261",8.8,10.8,19.4,0,961,"dojo_85",1
"2262",5.9,11.6,15.1,0,1390,"dojo_85",1
"2263",7.8,16.4,11.4,0,1064,"dojo_85",1
"2264",7.4,11.4,12.8,0,1059,"dojo_85",2
"2265",6.9,10.8,9,0,1558,"dojo_85",1
"2266",6.1,11.3,13.5,0,1524,"dojo_85",2
"2267",9,15.1,16,0,1003,"dojo_85",2
"2268",9.8,16.9,14.7,0,1361,"dojo_85",2
"2269",6.3,11.5,11.4,0,1083,"dojo_85",1
"2270",9.3,16.3,19,0,1144,"dojo_85",2
"2271",9.6,11.9,17.2,0,1489,"dojo_85",3
"2272",8.4,16.9,12.9,0,987,"dojo_85",1
"2273",7.4,10.8,14.6,0,1223,"dojo_85",2
"2274",6.2,8.6,11.4,0,1514,"dojo_85",2
"2275",5.7,6.5,10.6,0,1201,"dojo_85",1
"2276",3.8,11,10.4,2,1404,"dojo_86",2
"2277",5,12.4,16.3,2,1310,"dojo_86",2
"2278",5.8,13.6,11.9,2,1087,"dojo_86",1
"2279",6.7,13.3,11.3,2,1080,"dojo_86",1
"2280",5.5,9.1,10,2,1439,"dojo_86",1
"2281",7.3,13,15.1,7,1506,"dojo_87",2
"2282",6.4,17.1,12.1,7,1075,"dojo_87",1
"2283",0,5.6,10.7,7,1002,"dojo_87",0
"2284",7.4,16.6,14.2,7,1056,"dojo_87",1
"2285",2.9,9.6,11.1,7,1109,"dojo_87",1
"2286",2,10.9,12.9,7,982,"dojo_87",0
"2287",3.6,6.5,11.8,7,904,"dojo_87",0
"2288",6.4,13.7,12,7,1555,"dojo_87",2
"2289",0.5,7.8,9.5,7,1214,"dojo_87",1
"2290",10.6,17.3,16,7,1655,"dojo_87",3
"2291",3.8,13.4,6.7,7,1519,"dojo_87",2
"2292",6.1,16.4,16.1,7,1102,"dojo_87",1
"2293",4,10.3,18.2,7,1116,"dojo_87",0
"2294",4.2,14,11.4,7,1134,"dojo_87",1
"2295",4.4,9.5,8.2,7,1056,"dojo_87",1
"2296",3.5,14,8.4,7,1203,"dojo_87",2
"2297",4.2,9,13.7,7,1062,"dojo_87",0
"2298",4.1,9.1,12.3,7,1371,"dojo_87",1
"2299",2.1,11.3,7.1,7,1241,"dojo_87",0
"2300",1.7,7.2,9.7,7,1061,"dojo_87",0
"2301",0.6,10.4,9.7,7,940,"dojo_87",0
"2302",1.6,13.6,8.2,7,1097,"dojo_87",0
"2303",6.1,15.4,13.2,7,1187,"dojo_87",2
"2304",3.1,10,10.1,7,1201,"dojo_87",0
"2305",1.7,8.3,14.7,7,823,"dojo_87",0
"2306",5.3,14.7,11.1,7,1114,"dojo_87",1
"2307",4.1,10.6,13.7,7,1069,"dojo_87",1
"2308",4.2,12,9.8,7,1229,"dojo_88",1
"2309",7.8,17.2,15.4,7,1177,"dojo_88",2
"2310",5.7,14.8,8.8,7,1146,"dojo_88",2
"2311",4,11,13.8,7,851,"dojo_88",0
"2312",0.6,8.8,12.5,7,1195,"dojo_88",0
"2313",4.6,10.1,12.7,7,1401,"dojo_88",1
"2314",3.1,12.1,6.7,7,1205,"dojo_88",1
"2315",7.6,12.4,12.4,7,1209,"dojo_88",1
"2316",1.5,11.8,7.6,7,734,"dojo_88",0
"2317",5.2,10.4,14,7,1333,"dojo_88",1
"2318",5.6,7.2,10.7,7,1457,"dojo_88",1
"2319",5.8,18.4,10.4,7,905,"dojo_88",2
"2320",3.3,9.8,12.3,7,1125,"dojo_88",0
"2321",4.8,11.9,13.3,7,1172,"dojo_88",1
"2322",3.3,9,14.1,7,1050,"dojo_88",1
"2323",3.3,11.5,8.8,7,978,"dojo_88",0
"2324",4.1,13.9,11.3,7,1047,"dojo_88",2
"2325",5.2,10.3,12.7,7,1300,"dojo_88",1
"2326",3.6,9.6,10.1,7,1116,"dojo_88",0
"2327",4.9,12,11.4,7,1346,"dojo_88",1
"2328",5.2,17,7.9,7,1165,"dojo_88",1
"2329",4,12.9,11.2,7,1339,"dojo_88",1
"2330",2.3,12.6,8,7,1317,"dojo_88",0
"2331",5.5,12.8,18.7,7,1128,"dojo_88",1
"2332",3.1,11.3,11.3,7,1155,"dojo_88",0
"2333",5.5,15.3,9.4,7,1130,"dojo_88",2
"2334",5.8,13.5,9,9,1082,"dojo_89",2
"2335",6.6,17.1,12,9,1343,"dojo_89",3
"2336",6.6,8.9,14.2,9,1323,"dojo_89",1
"2337",6.9,13.4,16,9,1366,"dojo_89",1
"2338",5.4,15.1,14.5,9,831,"dojo_89",1
"2339",3.8,10.1,10.6,9,1378,"dojo_89",1
"2340",2.2,8.1,12.5,9,1443,"dojo_89",0
"2341",5,13.2,16.3,9,893,"dojo_89",1
"2342",3.8,9.8,10.5,9,1122,"dojo_89",0
"2343",7.5,16.3,13.7,9,1081,"dojo_89",2
"2344",3,8.8,10,9,1152,"dojo_89",0
"2345",5,11.2,10.9,9,1256,"dojo_89",1
"2346",8.5,17.4,14.3,9,1283,"dojo_89",2
"2347",6,15.2,12.3,9,904,"dojo_89",1
"2348",3.8,13.5,11.5,9,1280,"dojo_89",1
"2349",9.3,16.6,15.7,9,1534,"dojo_89",2
"2350",6.5,14.6,14.5,9,1220,"dojo_89",1
"2351",4.7,12.3,13.4,9,1443,"dojo_89",1
"2352",6.9,17.9,12.3,9,1324,"dojo_89",2
"2353",4.1,9.3,8.1,9,1274,"dojo_89",2
"2354",4.2,8.8,12,9,1350,"dojo_89",1
"2355",5.9,17.3,11,9,1252,"dojo_89",1
"2356",3.5,10.1,11.9,9,1205,"dojo_89",0
"2357",4.7,9.8,11.3,9,1062,"dojo_89",1
"2358",3.5,13,10.2,9,1477,"dojo_89",2
"2359",5.5,15.8,12.5,9,947,"dojo_89",1
"2360",5.7,14.1,13.3,9,1071,"dojo_89",1
"2361",2,11.8,7.3,9,1188,"dojo_89",0
"2362",4.6,11.8,10,9,1269,"dojo_89",1
"2363",6.3,13.4,8.6,6,1006,"dojo_90",1
"2364",1.3,13.8,4.4,6,1286,"dojo_90",1
"2365",1.3,14.7,8.1,6,1404,"dojo_90",0
"2366",3.2,13,10,6,1268,"dojo_90",1
"2367",0.7,13.1,10.5,6,1282,"dojo_90",0
"2368",1,13,8.5,6,1452,"dojo_90",0
"2369",0.3,11.2,11.7,6,1559,"dojo_90",0
"2370",2.5,3.8,14,6,1219,"dojo_90",0
"2371",0,8.6,10.8,6,1267,"dojo_90",0
"2372",0.6,10.6,13.6,6,1579,"dojo_90",1
"2373",4.7,12.1,8.5,6,926,"dojo_90",1
"2374",1.9,6.6,12.8,6,1484,"dojo_90",1
"2375",3.5,11.9,12.7,6,1276,"dojo_90",2
"2376",5.9,13.8,16.8,6,1000,"dojo_90",1
"2377",3.1,11.8,9.9,6,1253,"dojo_90",0
"2378",4.4,13.6,12.2,6,1239,"dojo_90",1
"2379",7.7,16.2,15.2,6,816,"dojo_90",1
"2380",3.8,11.6,15.1,6,1134,"dojo_90",0
"2381",2.4,14,10.1,6,1107,"dojo_90",1
"2382",1.7,16,8.5,6,1404,"dojo_90",2
"2383",0,10.2,15.2,6,1678,"dojo_90",0
"2384",2.4,11.2,9.6,6,1396,"dojo_90",0
"2385",5.2,14.5,6.8,6,831,"dojo_90",1
"2386",2.3,15,15.3,6,1715,"dojo_90",1
"2387",4.6,13.3,15.7,6,1051,"dojo_90",1
"2388",4.5,12.5,11.8,6,1027,"dojo_90",1
"2389",4.3,13.7,9.5,6,1266,"dojo_91",2
"2390",5.6,13.2,8.2,6,1030,"dojo_91",2
"2391",7.6,15.4,9.7,6,1073,"dojo_91",1
"2392",7.5,14.5,13.6,6,1123,"dojo_91",1
"2393",6.8,13.3,16.5,6,1122,"dojo_91",1
"2394",8.6,14.5,12.8,6,1116,"dojo_91",4
"2395",5.5,12.7,9.5,6,1317,"dojo_91",1
"2396",5,10.3,10.5,6,1175,"dojo_91",2
"2397",3.8,10,5.5,6,1144,"dojo_91",1
"2398",7.6,14.5,11.4,6,1035,"dojo_91",1
"2399",7.3,13,9,6,1019,"dojo_91",1
"2400",3.6,8.4,13.7,6,1747,"dojo_91",1
"2401",7.9,14.2,8.2,6,1411,"dojo_91",2
"2402",6.4,12.6,15.4,6,1271,"dojo_91",1
"2403",4.5,10.3,14.1,6,1197,"dojo_91",1
"2404",6.9,15.2,10.2,6,1128,"dojo_91",1
"2405",7.4,16.5,16.3,6,1158,"dojo_91",1
"2406",6,14,10.5,6,1407,"dojo_91",2
"2407",2.9,9.6,10.9,6,1022,"dojo_91",0
"2408",5.2,11.6,11.5,6,1098,"dojo_91",1
"2409",3.1,11.1,9.1,6,1195,"dojo_91",0
"2410",7.2,13.4,11.4,6,1173,"dojo_91",1
"2411",6.2,13.4,14.3,6,917,"dojo_91",1
"2412",7.8,15.6,12.6,6,1539,"dojo_91",3
"2413",5.5,14.1,5.7,6,1063,"dojo_91",1
"2414",4.1,9.2,7.1,6,1301,"dojo_91",1
"2415",0.7,3.2,16.4,7,1171,"dojo_92",1
"2416",2.7,9.9,7.4,7,1004,"dojo_92",0
"2417",3.2,12.5,7.4,7,1268,"dojo_92",1
"2418",4.1,13.1,9.3,7,1108,"dojo_92",2
"2419",1,7.5,10.5,7,1307,"dojo_92",0
"2420",2.4,10,12,7,1184,"dojo_92",0
"2421",1.8,5.8,10.4,7,1097,"dojo_92",0
"2422",4.2,7.6,14,7,1281,"dojo_92",0
"2423",1.5,11.8,8.1,7,1272,"dojo_92",0
"2424",2.3,8.4,10.6,7,1321,"dojo_92",1
"2425",4.4,14.5,11.2,7,1620,"dojo_92",1
"2426",3.7,14.8,13.7,7,1282,"dojo_92",3
"2427",2.1,13.8,5,7,990,"dojo_92",0
"2428",7.2,15,16.3,7,726,"dojo_92",1
"2429",7.4,12.9,14.8,7,749,"dojo_92",2
"2430",5.3,11.1,17.4,7,1161,"dojo_92",2
"2431",2.9,9.7,11.1,7,1079,"dojo_92",0
"2432",0.6,13.5,10.5,7,1356,"dojo_92",1
"2433",4.9,14.7,13,7,1271,"dojo_92",2
"2434",1,13.3,12.3,7,1529,"dojo_92",0
"2435",5.9,16.1,9.9,7,1364,"dojo_92",1
"2436",5.6,16.7,15,7,1119,"dojo_92",1
"2437",4.7,14.9,14,7,1318,"dojo_92",1
"2438",1.9,11.3,10.1,7,1356,"dojo_92",1
"2439",4.6,9.5,7.1,1,1162,"dojo_93",0
"2440",5.6,11.9,9,1,1326,"dojo_93",2
"2441",5.5,17.2,14.9,1,1060,"dojo_93",2
"2442",7.1,20.6,12,1,1809,"dojo_93",3
"2443",2.6,11.7,12.1,1,1094,"dojo_93",0
"2444",4.7,8.9,11.6,1,1176,"dojo_93",1
"2445",5,10.2,11.6,1,1481,"dojo_93",2
"2446",3.4,18.2,17.4,1,687,"dojo_93",0
"2447",5.1,13.3,9.4,1,1166,"dojo_93",1
"2448",0,6.2,16,1,1192,"dojo_93",2
"2449",4.3,16.3,15,1,996,"dojo_93",1
"2450",2.5,9.8,11.6,1,1061,"dojo_93",0
"2451",6,11.4,10.2,1,612,"dojo_93",1
"2452",4.5,12.8,11.3,1,1155,"dojo_93",1
"2453",3,6.1,11.7,1,848,"dojo_93",0
"2454",3.9,16.1,14.7,1,1036,"dojo_93",0
"2455",3.5,14.3,15.5,1,1614,"dojo_93",1
"2456",3.3,8.5,12.2,1,1238,"dojo_93",0
"2457",3.8,13.4,11.8,1,1194,"dojo_93",0
"2458",4.8,12.4,13.5,1,1104,"dojo_93",1
"2459",6,10.4,10.7,1,1053,"dojo_93",1
"2460",3.4,12.8,9.9,1,1046,"dojo_93",0
"2461",2,9.7,13.6,1,960,"dojo_93",0
"2462",2.4,12.3,14.2,1,1358,"dojo_93",0
"2463",2.4,9.4,14,1,1124,"dojo_93",1
"2464",3.9,14.9,14.1,1,1301,"dojo_93",1
"2465",4.5,13.1,10.6,1,1310,"dojo_93",1
"2466",4.6,8.8,10.7,1,1075,"dojo_93",0
"2467",3.7,7.5,12.6,1,1128,"dojo_93",0
"2468",3.8,12.6,15,1,1055,"dojo_93",0
"2469",2.3,12.9,20.4,1,1315,"dojo_93",0
"2470",2.3,11.9,12.2,1,1256,"dojo_93",0
"2471",5.7,10.3,4.7,1,1044,"dojo_93",2
"2472",2.1,11.6,11.9,1,1012,"dojo_93",1
"2473",3.5,12.6,13.1,1,1105,"dojo_93",1
"2474",3.5,9.8,13.3,1,1092,"dojo_93",0
"2475",4.9,9.3,9.1,1,1504,"dojo_93",1
"2476",4.5,12.4,9.4,1,1280,"dojo_93",1
"2477",3.6,13.1,10.3,1,1296,"dojo_93",0
"2478",4.1,9.1,8.7,1,1317,"dojo_93",0
"2479",2.5,11,15.4,1,918,"dojo_93",1
"2480",3.4,10.2,9.7,7,1331,"dojo_94",1
"2481",6.2,13.9,20.4,7,1173,"dojo_94",2
"2482",2.4,11.6,10.6,7,738,"dojo_94",1
"2483",6.9,15,9.3,7,1194,"dojo_94",1
"2484",10.3,16.7,6.4,7,1591,"dojo_94",3
"2485",2.2,4.3,10.9,7,1055,"dojo_94",0
"2486",4,11.2,11.1,7,1371,"dojo_94",1
"2487",7.2,11.7,10.1,7,1592,"dojo_94",2
"2488",5.7,12.4,4.1,7,1261,"dojo_94",1
"2489",6.8,17.1,10.5,7,1159,"dojo_94",1
"2490",6.2,15.3,12.5,7,1032,"dojo_94",2
"2491",3.5,8.1,10.4,7,975,"dojo_94",0
"2492",6,11.3,10.5,7,1388,"dojo_94",1
"2493",4.3,11.2,14,7,1220,"dojo_94",1
"2494",5.4,13.5,16.2,7,1087,"dojo_94",1
"2495",1.9,7.9,11.9,7,1166,"dojo_94",0
"2496",2,7.5,9.1,7,971,"dojo_94",1
"2497",4.2,14.1,9.9,7,1332,"dojo_94",1
"2498",2.6,12,14.1,7,1106,"dojo_94",0
"2499",1.4,10.1,16.1,7,846,"dojo_94",0
"2500",1.3,6.8,7.5,7,1060,"dojo_94",0
"2501",3.2,8,15,7,1268,"dojo_94",0
"2502",1.6,9.2,6.6,7,1344,"dojo_94",0
"2503",3.6,11.2,14.1,7,858,"dojo_94",0
"2504",7.2,13.3,8.4,7,1192,"dojo_94",1
"2505",3.7,10.5,9.7,7,1031,"dojo_94",0
"2506",6.7,11.7,12.3,10,1406,"dojo_95",2
"2507",5.6,14.6,10.9,10,964,"dojo_95",1
"2508",9.7,21.8,8,10,1296,"dojo_95",3
"2509",2.4,10.2,9.7,10,1166,"dojo_95",0
"2510",4.7,9.7,10.6,10,1173,"dojo_95",1
"2511",7.2,14.9,13.2,10,1376,"dojo_95",2
"2512",1.9,8.5,16.2,10,1162,"dojo_95",0
"2513",3.6,9,12.8,10,1078,"dojo_95",0
"2514",5.2,12,13.7,10,1399,"dojo_95",1
"2515",0.7,5.2,15.5,10,981,"dojo_95",0
"2516",6.9,14.2,9.6,10,1010,"dojo_95",1
"2517",6.7,12.8,9.7,10,1066,"dojo_95",1
"2518",0.9,7.4,12.9,10,1107,"dojo_95",0
"2519",4.5,8.4,12.8,10,1133,"dojo_95",1
"2520",4.3,12.2,18.7,10,989,"dojo_95",1
"2521",4.2,10.6,8.4,10,1090,"dojo_95",1
"2522",8.5,11.7,3.7,10,1086,"dojo_95",2
"2523",4.5,8.1,9.6,10,1337,"dojo_95",1
"2524",6.1,11.9,7,10,1356,"dojo_95",1
"2525",5.6,13.4,17.1,10,1432,"dojo_95",1
"2526",4.6,11.5,15.1,10,975,"dojo_95",1
"2527",2.2,8.2,8.5,10,1043,"dojo_95",0
"2528",1.1,4.8,12.7,10,1384,"dojo_95",0
"2529",5.3,13.5,10.7,10,1100,"dojo_95",1
"2530",7.7,13.5,11.7,10,1397,"dojo_95",2
